image_id,assigned_rule_id,primary_class,perturbation,severity,location,answer_changed,object_box_iou,object_centroid_drift,object_disappeared,worker_lost,flip_due_to_worker_loss,confidence_drop
0000007,rule_1,ppe_violation,blur,4.0,-,False,0.9651231177666031,0.0010000115633266656,False,False,False,-0.0365541799526129
0000007,rule_1,ppe_violation,blur,8.0,-,False,0.9501259523727,0.0015524237833553591,False,False,False,-0.06628967781684225
0000007,rule_1,ppe_violation,blur,16.0,-,False,0.8895522614971015,0.0015524116889996747,False,False,False,-0.006650874524244288
0000007,rule_1,ppe_violation,gamma,1.5,-,False,0.9905661570936993,0.0003999948501586914,False,False,False,0.002216191829315206
0000007,rule_1,ppe_violation,gamma,2.5,-,False,0.9392594641443663,0.0012649126850679097,False,False,False,-0.0007979764736124606
0000007,rule_1,ppe_violation,gamma,4.0,-,False,0.8986785477601142,0.002400001883536381,False,False,False,-0.04965951746063568
0000007,rule_1,ppe_violation,contrast,0.15,-,False,0.0,0.1349921409513513,False,False,False,0.03726019484124021
0000007,rule_1,ppe_violation,contrast,0.3,-,False,0.0,0.1349921409513513,False,False,False,0.03797244799456434
0000007,rule_1,ppe_violation,contrast,0.5,-,False,0.9833333002196432,2.9802322387695314e-09,False,False,False,-0.0038869047670492263
0000007,rule_1,ppe_violation,occlude,0.1,center,False,1.0,0.0,False,False,False,-0.008794573135674
0000007,rule_1,ppe_violation,occlude,0.1,random,False,1.0,0.0,False,False,False,-0.055209319506372645
0000007,rule_1,ppe_violation,occlude,0.2,center,False,0.0,0.1354606951628617,False,False,False,0.03057498990425045
0000007,rule_1,ppe_violation,occlude,0.2,random,False,0.7411255892555932,0.007823683815704002,False,False,False,-0.04083158541470766
0000007,rule_1,ppe_violation,occlude,0.35,center,True,0.0,0.13643298280742608,False,False,False,-0.09147005900740623
0000007,rule_1,ppe_violation,occlude,0.35,random,False,0.0,0.27034690682619944,False,False,False,-0.04256488489253185
0000007,rule_1,ppe_violation,occlude_targeted,,object,False,0.0,0.13499214111030633,False,False,False,-0.015785358180957165
0000022,rule_3,compliant,blur,4.0,-,False,0.8597193971123401,0.053508598332759186,False,False,False,-0.06466387723848732
0000022,rule_3,compliant,blur,8.0,-,False,0.8597193971123401,0.053508598332759186,False,False,False,-0.11823491484795612
0000022,rule_3,compliant,blur,16.0,-,False,0.8597193971123401,0.053508598332759186,False,False,False,-0.14694164792888142
0000022,rule_3,compliant,gamma,1.5,-,False,0.9988357999108425,0.0003822224614027191,False,False,False,-0.006419702324949705
0000022,rule_3,compliant,gamma,2.5,-,False,0.9976743854594368,0.0007644192029708777,False,False,False,0.006067849100301226
0000022,rule_3,compliant,gamma,4.0,-,False,0.9930555343835394,0.0022932318890780726,False,False,False,0.013151680418689304
0000022,rule_3,compliant,contrast,0.15,-,False,1.0,0.0,False,False,False,-0.010316717920691887
0000022,rule_3,compliant,contrast,0.3,-,False,0.9988357999108425,0.0003822224614027191,False,False,False,-0.006474743873280175
0000022,rule_3,compliant,contrast,0.5,-,False,0.9988357999108425,0.0003822224614027191,False,False,False,-0.0012646622656445894
0000022,rule_3,compliant,occlude,0.1,center,False,0.8597193971123401,0.053508598332759186,False,False,False,-0.005041328524904687
0000022,rule_3,compliant,occlude,0.1,random,False,1.0,0.0,False,False,False,0.003939623503746104
0000022,rule_3,compliant,occlude,0.2,center,False,0.8597193971123401,0.053508598332759186,False,False,False,-0.0013737528039610147
0000022,rule_3,compliant,occlude,0.2,random,False,1.0,0.0,False,False,False,0.04240074856720821
0000022,rule_3,compliant,occlude,0.35,center,False,0.8597193971123401,0.053508598332759186,False,False,False,-0.013653276199414477
0000022,rule_3,compliant,occlude,0.35,random,False,0.8597193971123401,0.053508598332759186,False,False,False,0.003408568000594303
0000022,rule_3,compliant,occlude_targeted,,object,False,0.0,0.39167907056632467,False,True,False,-0.16875425389004728
0000023,rule_1,compliant,blur,4.0,-,True,0.13541658388235886,0.005556960900836267,False,False,False,0.05127018702390429
0000023,rule_1,compliant,blur,8.0,-,False,0.0,0.20921052565318404,False,False,False,-0.13004217222267822
0000023,rule_1,compliant,blur,16.0,-,False,0.0001957820358656029,0.09653976830488684,False,False,False,-0.16643293618413424
0000023,rule_1,compliant,gamma,1.5,-,False,0.9230799327047224,0.00039998372395833335,False,False,False,-0.005322252507679703
0000023,rule_1,compliant,gamma,2.5,-,False,0.9374984105455008,0.00030000813802083336,False,False,False,-0.021620155312120914
0000023,rule_1,compliant,gamma,4.0,-,False,0.3385416629871997,0.0035113957200177525,False,False,False,0.021489858650346583
0000023,rule_1,compliant,contrast,0.15,-,False,0.28508747947433205,0.004570545800696905,False,False,False,0.025167981485048174
0000023,rule_1,compliant,contrast,0.3,-,False,0.9374984105455008,0.00030000813802083336,False,False,False,0.03310829093986822
0000023,rule_1,compliant,contrast,0.5,-,False,0.9374984105455008,0.00030000813802083336,False,False,False,0.03345462193221349
0000023,rule_1,compliant,occlude,0.1,center,False,0.0,0.36192735999923553,False,False,False,0.04191634570156311
0000023,rule_1,compliant,occlude,0.1,random,False,0.0,0.36197373341227485,False,False,False,-0.00341396094658053
0000023,rule_1,compliant,occlude,0.2,center,False,0.0,0.36344917852078334,False,False,False,-0.00455379693840563
0000023,rule_1,compliant,occlude,0.2,random,False,0.0,0.36197373341227485,False,False,False,-0.009939358999522807
0000023,rule_1,compliant,occlude,0.35,center,True,0.0,0.39740117020533156,False,False,False,-0.01086103460601684
0000023,rule_1,compliant,occlude,0.35,random,False,0.0005463675984442192,0.12486793576186495,False,False,False,-0.027292225688982485
0000023,rule_1,compliant,occlude_targeted,,object,False,0.5462187895005238,0.0007999877930334261,False,False,False,-0.013163295108824968
0000034,rule_2,compliant,blur,4.0,-,True,0.0,0.3885669183036559,False,False,False,0.04534334423286579
0000034,rule_2,compliant,blur,8.0,-,False,0.003072276818165389,0.006248199740725323,False,False,False,0.04843102255836129
0000034,rule_2,compliant,blur,16.0,-,False,0.003072276818165389,0.006248199740725323,False,False,False,0.021599512117878694
0000034,rule_2,compliant,gamma,1.5,-,False,0.9807692307692307,0.0,False,False,False,0.0002395808031516733
0000034,rule_2,compliant,gamma,2.5,-,False,0.9807692307692307,0.0006,False,False,False,-0.0029941002306128617
0000034,rule_2,compliant,gamma,4.0,-,False,0.0,0.2569420362649911,False,False,False,0.03457559548717537
0000034,rule_2,compliant,contrast,0.15,-,False,0.9009812667261374,0.0005,False,False,False,-0.013193990103900433
0000034,rule_2,compliant,contrast,0.3,-,False,0.9901960784313726,0.0003,False,False,False,-0.006932558757918095
0000034,rule_2,compliant,contrast,0.5,-,False,0.9902912621359223,0.0003,False,False,False,-0.002883926100496703
0000034,rule_2,compliant,occlude,0.1,center,False,0.005214510653960983,0.1278625824860424,False,False,False,-0.013555725788479744
0000034,rule_2,compliant,occlude,0.1,random,False,0.9571895424836602,0.0005,False,False,False,0.004414381658924604
0000034,rule_2,compliant,occlude,0.2,center,False,0.005241251734237706,0.12876214505824296,False,False,False,-0.009511418640613556
0000034,rule_2,compliant,occlude,0.2,random,False,0.005241251734237706,0.12876214505824296,False,False,False,-0.05280079073937871
0000034,rule_2,compliant,occlude,0.35,center,False,0.003072276818165389,0.006248199740725323,False,False,False,0.0011906865762458807
0000034,rule_2,compliant,occlude,0.35,random,False,0.003072276818165389,0.006248199740725323,False,False,False,0.03746431472699174
0000034,rule_2,compliant,occlude_targeted,,object,False,0.5795454545454546,0.002408318915758459,False,False,False,-0.02569941384717822
0000037,rule_1,compliant,blur,4.0,-,True,0.0,0.41049318223685477,False,False,False,0.027523848095110437
0000037,rule_1,compliant,blur,8.0,-,True,0.0,0.4091014844122933,False,False,False,0.041158884098487114
0000037,rule_1,compliant,blur,16.0,-,True,0.0003785119207932375,0.4875063372619013,False,False,False,-0.11673127791493565
0000037,rule_1,compliant,gamma,1.5,-,True,0.0,0.4109137247370148,False,False,False,0.02279469517192667
0000037,rule_1,compliant,gamma,2.5,-,True,0.0,0.4109137247370148,False,False,False,0.02956862721059994
0000037,rule_1,compliant,gamma,4.0,-,True,0.0,0.41111003824719744,False,False,False,0.03837005501346924
0000037,rule_1,compliant,contrast,0.15,-,True,0.0,0.4113064702223706,False,False,False,0.024202845059335232
0000037,rule_1,compliant,contrast,0.3,-,True,0.0,0.4109137313913919,False,False,False,0.020994524138846504
0000037,rule_1,compliant,contrast,0.5,-,True,0.0,0.4109137313913919,False,False,False,0.01949127976383469
0000037,rule_1,compliant,occlude,0.1,center,True,0.0,0.21664579258849434,False,False,False,0.04974033177963322
0000037,rule_1,compliant,occlude,0.1,random,False,0.0,0.21646293597906727,False,False,False,0.05959120060184164
0000037,rule_1,compliant,occlude,0.2,center,True,0.0,0.21664579258849434,False,False,False,0.04005565454385107
0000037,rule_1,compliant,occlude,0.2,random,False,1.0,0.0,False,False,False,-0.004439274713929242
0000037,rule_1,compliant,occlude,0.35,center,True,0.0,0.21646293597906727,False,False,False,-0.0168649055329817
0000037,rule_1,compliant,occlude,0.35,random,False,0.0,0.21646293597906727,False,False,False,0.08981652003491203
0000037,rule_1,compliant,occlude_targeted,,object,True,0.0,0.41111003824719744,False,False,False,0.04279046173074408
0000057,rule_1,compliant,blur,4.0,-,False,0.41025649436372025,0.0012369307008354552,False,False,False,-0.07403541492546195
0000057,rule_1,compliant,blur,8.0,-,False,0.0005301185225706143,0.314894860533887,False,False,False,-0.10615736845773904
0000057,rule_1,compliant,blur,16.0,-,False,0.0005301185225706143,0.314894860533887,False,False,False,-0.24202434982836352
0000057,rule_1,compliant,gamma,1.5,-,False,0.9182612328789109,0.0004999979654958265,False,False,False,-0.01431261027812375
0000057,rule_1,compliant,gamma,2.5,-,True,0.785714297428042,0.0010000020345238348,False,False,False,-0.07216962840301244
0000057,rule_1,compliant,gamma,4.0,-,False,0.8352268704370448,0.000499991862062987,False,False,False,-0.08593058180178864
0000057,rule_1,compliant,contrast,0.15,-,False,0.8352268704370448,0.000499991862062987,False,False,False,-0.07431916732722044
0000057,rule_1,compliant,contrast,0.3,-,False,0.874999470181085,0.00029998779296875,False,False,False,-0.07958811840689556
0000057,rule_1,compliant,contrast,0.5,-,False,0.91666584250391,1.0172526041666666e-08,False,False,False,-0.005602862717668411
0000057,rule_1,compliant,occlude,0.1,center,False,0.8352268704370448,0.000499991862062987,False,False,False,-0.06121019707131903
0000057,rule_1,compliant,occlude,0.1,random,False,0.9182612328789109,0.0004999979654958265,False,False,False,-0.0979609031414661
0000057,rule_1,compliant,occlude,0.2,center,False,0.8352268704370448,0.000499991862062987,False,False,False,-0.10901476814284583
0000057,rule_1,compliant,occlude,0.2,random,False,0.95652184729766,0.0003999989827473958,False,False,False,-0.09800466831755372
0000057,rule_1,compliant,occlude,0.35,center,False,0.8352268704370448,0.000499991862062987,False,False,False,-0.1121926773233678
0000057,rule_1,compliant,occlude,0.35,random,False,0.0,0.4446560205421837,False,False,False,-0.11335661125750363
0000057,rule_1,compliant,occlude_targeted,,object,True,0.0,0.028501229050219682,False,False,False,-0.06957280743228134
0000069,rule_1,compliant,blur,4.0,-,True,0.0,0.11352219980798113,False,False,False,0.03253496966014313
0000069,rule_1,compliant,blur,8.0,-,True,0.0,0.1138262238032668,False,False,False,0.04586014603929861
0000069,rule_1,compliant,blur,16.0,-,True,0.0007279094523046104,0.08640051193414884,False,False,False,0.03271565344023375
0000069,rule_1,compliant,gamma,1.5,-,False,1.0,0.0,False,False,False,-5.956592836553476e-05
0000069,rule_1,compliant,gamma,2.5,-,False,1.0,0.0,False,False,False,0.006120073742100218
0000069,rule_1,compliant,gamma,4.0,-,False,0.87139673340413,0.0004999961854337026,False,False,False,0.012694579815226037
0000069,rule_1,compliant,contrast,0.15,-,True,0.0,0.1150102972266846,False,False,False,0.08745327272585462
0000069,rule_1,compliant,contrast,0.3,-,False,0.9003878445482136,0.0007211108899744092,False,False,False,0.010754584002175549
0000069,rule_1,compliant,contrast,0.5,-,False,0.9666680088755327,0.00029998779296875,False,False,False,0.004243436801646405
0000069,rule_1,compliant,occlude,0.1,center,True,0.0,0.11455972078688932,False,False,False,-0.0055339647723096075
0000069,rule_1,compliant,occlude,0.1,random,False,1.0,0.0,False,False,False,-0.003756853086607781
0000069,rule_1,compliant,occlude,0.2,center,True,0.0,0.1149062641956113,False,False,False,-0.007312035454171029
0000069,rule_1,compliant,occlude,0.2,random,False,1.0,0.0,False,False,False,-0.004235390440693876
0000069,rule_1,compliant,occlude,0.35,center,True,0.0,0.16428465978528056,False,False,False,-0.0828748638076442
0000069,rule_1,compliant,occlude,0.35,random,True,0.0,0.17129215324231922,False,False,False,0.011149009490119655
0000069,rule_1,compliant,occlude_targeted,,object,True,0.0,0.1149062641956113,False,False,False,0.04883545621608698
0000074,rule_2,compliant,blur,4.0,-,True,0.0,0.29243610984533247,False,False,False,0.024500232455985926
0000074,rule_2,compliant,blur,8.0,-,False,0.002440238531841784,0.17843994578159714,False,False,False,-0.1501421413245284
0000074,rule_2,compliant,blur,16.0,-,False,0.0024597084989113325,0.17709730310797356,False,False,False,-0.23192901288419232
0000074,rule_2,compliant,gamma,1.5,-,False,0.9344517810725081,0.0007211260546810105,False,False,False,-0.012721207525048905
0000074,rule_2,compliant,gamma,2.5,-,False,0.9259261003519883,0.0007999979654947916,False,False,False,-0.008404745853372919
0000074,rule_2,compliant,gamma,4.0,-,False,0.8375687135143661,0.0012369307008668273,False,False,False,-0.03964604550440387
0000074,rule_2,compliant,contrast,0.15,-,True,0.0,0.17332237951635387,False,False,False,-0.010500205015497532
0000074,rule_2,compliant,contrast,0.3,-,False,0.9344517810725081,0.0007211260546810105,False,False,False,0.005853324430063367
0000074,rule_2,compliant,contrast,0.5,-,False,0.9495886750492536,0.0005000000001034803,False,False,False,-0.007666169200092554
0000074,rule_2,compliant,occlude,0.1,center,False,0.8098587077451456,0.0007211204120947225,False,False,False,0.0029231816796320143
0000074,rule_2,compliant,occlude,0.1,random,False,0.8580699496846866,0.0009000040690104167,False,False,False,0.0026145794295839853
0000074,rule_2,compliant,occlude,0.2,center,False,0.8840719090645845,0.00030000813802083336,False,False,False,-0.000798374680536118
0000074,rule_2,compliant,occlude,0.2,random,False,0.9344517810725081,0.0007211260546810105,False,False,False,-0.008283827653420728
0000074,rule_2,compliant,occlude,0.35,center,False,0.0,0.46870785379798596,False,False,False,-0.0200152574772281
0000074,rule_2,compliant,occlude,0.35,random,False,0.8710713702203068,2.0345052083333333e-08,False,False,False,0.002111781255475176
0000074,rule_2,compliant,occlude_targeted,,object,False,0.0,0.32647292888582374,False,False,False,0.0348695155366191
0000079,rule_3,fall_hazard,blur,4.0,-,False,0.9420846893426241,0.0009000040690104167,False,False,False,-0.05269829004204707
0000079,rule_3,fall_hazard,blur,8.0,-,False,0.2444889607397863,0.07800000407298406,False,False,False,0.05613994517049137
0000079,rule_3,fall_hazard,blur,16.0,-,False,0.2444889607397863,0.07800000407298406,False,False,False,-0.023881253774289957
0000079,rule_3,fall_hazard,gamma,1.5,-,False,0.9959018056513672,0.00029998779296875,False,False,False,-0.0043542953208088875
0000079,rule_3,fall_hazard,gamma,2.5,-,False,0.9798388447509695,0.0014999898274739582,False,False,False,-0.0009315889328718185
0000079,rule_3,fall_hazard,gamma,4.0,-,False,0.972000054253472,0.0020999959309895835,False,False,False,-0.02129026242930976
0000079,rule_3,fall_hazard,contrast,0.15,-,False,0.9682539127224128,0.00120001220703125,False,False,False,-0.004628356546163559
0000079,rule_3,fall_hazard,contrast,0.3,-,False,0.9878540598191158,0.0002999979654947917,False,False,False,-0.005534840548144904
0000079,rule_3,fall_hazard,contrast,0.5,-,False,0.9959182566255669,0.00030000813802083336,False,False,False,-0.005211263362850493
0000079,rule_3,fall_hazard,occlude,0.1,center,False,0.9918699724900669,0.0005999959309895834,False,False,False,0.02939151500218673
0000079,rule_3,fall_hazard,occlude,0.1,random,False,1.0,0.0,False,False,False,-0.033099841126906004
0000079,rule_3,fall_hazard,occlude,0.2,center,False,0.25886202485318227,0.2757279979777451,False,False,False,0.08696966471948792
0000079,rule_3,fall_hazard,occlude,0.2,random,False,0.9754098611255485,0.0017999979654947918,False,False,False,-0.025364717468619347
0000079,rule_3,fall_hazard,occlude,0.35,center,True,0.24179795750500163,0.3020001612036427,False,False,False,0.04639629351108199
0000079,rule_3,fall_hazard,occlude,0.35,random,False,0.3874290287305381,0.24280166804094458,False,False,False,0.00958375177080073
0000079,rule_3,fall_hazard,occlude_targeted,,object,False,0.9644268478046574,0.0002999979654947917,False,False,False,-0.06525114551186562
0000081,rule_3,compliant,blur,4.0,-,False,0.9963767746481971,0.000600006103515625,False,False,False,0.04383100695641973
0000081,rule_3,compliant,blur,8.0,-,False,0.5511021928944748,0.13439999796946844,False,False,False,0.13681631158327778
0000081,rule_3,compliant,blur,16.0,-,False,0.5511021928944748,0.13439999796946844,False,False,False,0.00742026943576346
0000081,rule_3,compliant,gamma,1.5,-,False,0.9981851301412644,0.0002999979654947917,False,False,False,0.007532972642885771
0000081,rule_3,compliant,gamma,2.5,-,False,1.0,0.0,False,False,False,0.08605525720243656
0000081,rule_3,compliant,gamma,4.0,-,False,0.9803921675291252,0.0032999979654947916,False,False,False,0.08898232280764551
0000081,rule_3,compliant,contrast,0.15,-,False,0.9874326382127329,0.002100006103515625,False,False,False,0.10095656709745526
0000081,rule_3,compliant,contrast,0.3,-,False,0.9963767746481971,0.000600006103515625,False,False,False,0.0880589890293777
0000081,rule_3,compliant,contrast,0.5,-,False,0.9981851301412644,0.0002999979654947917,False,False,False,0.015423614731324586
0000081,rule_3,compliant,occlude,0.1,center,False,0.0,0.3368999900817871,False,False,False,-0.03356631431257828
0000081,rule_3,compliant,occlude,0.1,random,False,0.0,0.33629999033610025,False,False,False,0.050072057771363476
0000081,rule_3,compliant,occlude,0.2,center,False,0.0,0.3368999900817871,False,False,False,-0.019427262584341132
0000081,rule_3,compliant,occlude,0.2,random,False,0.0,0.39322928897383613,False,False,False,0.04458209619458231
0000081,rule_3,compliant,occlude,0.35,center,False,0.0,0.33719998677571617,False,False,False,0.042656839516788
0000081,rule_3,compliant,occlude,0.35,random,False,0.5511021928944748,0.13439999796946844,False,False,False,0.07284885950475217
0000081,rule_3,compliant,occlude_targeted,,object,False,0.0,0.3362999890645345,False,False,False,0.03026452627299092
0000102,rule_1,ppe_violation,blur,4.0,-,True,0.0,0.3813683223993728,False,False,False,0.041274878395987424
0000102,rule_1,ppe_violation,blur,8.0,-,False,0.0007309192567159987,0.2535205080222668,False,False,False,0.048209645521315014
0000102,rule_1,ppe_violation,blur,16.0,-,False,0.0007520179574762986,0.25086252796714653,False,False,False,0.0788226082368686
0000102,rule_1,ppe_violation,gamma,1.5,-,False,1.0,0.0,False,False,False,0.0017884276541215716
0000102,rule_1,ppe_violation,gamma,2.5,-,False,0.7930271169084755,0.0012649046304133436,False,False,False,0.03630584258852265
0000102,rule_1,ppe_violation,gamma,4.0,-,False,0.0,0.3838298015190049,False,False,False,0.040493457711168745
0000102,rule_1,ppe_violation,contrast,0.15,-,False,0.7930271169084755,0.0012649046304133436,False,False,False,0.016691025213471544
0000102,rule_1,ppe_violation,contrast,0.3,-,False,0.8484845993867703,0.0015,False,False,False,-0.00035134031038197566
0000102,rule_1,ppe_violation,contrast,0.5,-,False,0.9655162737183774,0.00030000813802083336,False,False,False,-0.002571048015462485
0000102,rule_1,ppe_violation,occlude,0.1,center,False,1.0,0.0,False,False,False,0.0022889280558697767
0000102,rule_1,ppe_violation,occlude,0.1,random,False,0.9642870983055445,0.00029998779296875,False,False,False,0.0020483529328235717
0000102,rule_1,ppe_violation,occlude,0.2,center,False,1.0,0.0,False,False,False,0.002286370710602892
0000102,rule_1,ppe_violation,occlude,0.2,random,False,1.0,0.0,False,False,False,0.001488400423633296
0000102,rule_1,ppe_violation,occlude,0.35,center,False,1.0,0.0,False,False,False,-0.0025731452208543892
0000102,rule_1,ppe_violation,occlude,0.35,random,False,0.0,0.05675078328806361,False,False,False,0.015344268043658627
0000102,rule_1,ppe_violation,occlude_targeted,,object,False,0.7353514246677301,0.0008543941834575347,False,False,False,0.041955997768257314
0000116,rule_1,ppe_violation,blur,4.0,-,False,0.0,0.2130110230102252,False,False,False,0.04097913677937215
0000116,rule_1,ppe_violation,blur,8.0,-,False,0.0,0.20505670280365873,False,False,False,0.010390488896518946
0000116,rule_1,ppe_violation,blur,16.0,-,False,0.0,0.20430627357398534,False,False,False,0.026583006971382606
0000116,rule_1,ppe_violation,gamma,1.5,-,False,0.9634085724485869,0.0003999948501586914,False,False,False,-0.01212635290409847
0000116,rule_1,ppe_violation,gamma,2.5,-,False,0.9384762930874712,0.0008544026292394404,False,False,False,-0.005632722184860328
0000116,rule_1,ppe_violation,gamma,4.0,-,False,0.9006556702581359,0.0017088052584788807,False,False,False,-0.010442279512062669
0000116,rule_1,ppe_violation,contrast,0.15,-,False,0.0,0.0908281942157099,False,False,False,0.001809816874031478
0000116,rule_1,ppe_violation,contrast,0.3,-,False,0.9789472187214656,0.0,False,False,False,0.002285795818482095
0000116,rule_1,ppe_violation,contrast,0.5,-,False,1.0,0.0,False,False,False,-0.0008977680533592824
0000116,rule_1,ppe_violation,occlude,0.1,center,False,0.9584444635964322,0.0003000020980834961,False,False,False,-0.02726186213216608
0000116,rule_1,ppe_violation,occlude,0.1,random,False,0.0,0.21226457673488955,False,False,False,0.024381518097860377
0000116,rule_1,ppe_violation,occlude,0.2,center,False,0.8394072095058757,0.003600001335144043,False,False,False,-0.04732925917154973
0000116,rule_1,ppe_violation,occlude,0.2,random,False,0.0,0.2130110118845998,False,False,False,0.013100381840818631
0000116,rule_1,ppe_violation,occlude,0.35,center,False,0.0,0.48312494811277196,False,False,False,-0.022632749817733222
0000116,rule_1,ppe_violation,occlude,0.35,random,False,0.0,0.28145438957013713,False,False,False,-0.020937356698725873
0000116,rule_1,ppe_violation,occlude_targeted,,object,False,0.0,0.0908281942157099,False,False,False,0.012155213792409247
0000117,rule_3,fall_hazard,blur,4.0,-,False,0.9948364526499467,0.0012000083923339843,False,False,False,0.006050653120924232
0000117,rule_3,fall_hazard,blur,8.0,-,False,0.5821643429443634,0.16679998856037856,False,False,False,-0.0007890698810417707
0000117,rule_3,fall_hazard,blur,16.0,-,False,0.5821643429443634,0.16679998856037856,False,False,False,-0.11071386013292894
0000117,rule_3,fall_hazard,gamma,1.5,-,False,0.7342050388718194,0.07920101090373728,False,False,False,0.0021928220189044723
0000117,rule_3,fall_hazard,gamma,2.5,-,False,0.7322044979758565,0.07980099796828047,False,False,False,-0.014912246271879148
0000117,rule_3,fall_hazard,gamma,4.0,-,False,0.7272030503418766,0.08130099472995264,False,False,False,-0.01822776644535007
0000117,rule_3,fall_hazard,contrast,0.15,-,False,0.9948364526499467,0.0012000083923339843,False,False,False,0.02630669950684983
0000117,rule_3,fall_hazard,contrast,0.3,-,False,0.9982787901927154,0.0004000091552734375,False,False,False,0.02049207350327864
0000117,rule_3,fall_hazard,contrast,0.5,-,False,1.0,0.0,False,False,False,0.021171016091968697
0000117,rule_3,fall_hazard,occlude,0.1,center,False,0.7342050388718194,0.07920101090373728,False,False,False,-0.023343398928686532
0000117,rule_3,fall_hazard,occlude,0.1,random,False,1.0,0.0,False,False,False,-0.014651346242143926
0000117,rule_3,fall_hazard,occlude,0.2,center,False,0.7332047366258138,0.07950101395830175,False,False,False,-0.02625324255565087
0000117,rule_3,fall_hazard,occlude,0.2,random,False,0.731940621811002,0.07950403267667047,False,False,False,7.932369286822727e-05
0000117,rule_3,fall_hazard,occlude,0.35,center,False,0.24851592980988943,0.13998832847753,False,False,False,0.007337780624982915
0000117,rule_3,fall_hazard,occlude,0.35,random,False,0.610149696183759,0.08854829702694551,False,False,False,-0.04206252293772095
0000117,rule_3,fall_hazard,occlude_targeted,,object,False,0.0007092225387655028,0.3753481616436716,False,False,False,-0.027084952397715467
0000120,rule_4,struck_by_risk,blur,4.0,-,False,0.9267503308513589,0.0018357483280378875,False,False,False,-0.040275886477459055
0000120,rule_4,struck_by_risk,blur,8.0,-,False,0.7683500923851936,0.01965731134764853,False,False,False,0.021158317762492884
0000120,rule_4,struck_by_risk,blur,16.0,-,False,0.1212177093479379,0.26411546766260585,False,False,False,-0.19675618477843027
0000120,rule_4,struck_by_risk,gamma,1.5,-,False,0.9889560683826754,0.0008544013271200373,False,False,False,-0.0030558426228780577
0000120,rule_4,struck_by_risk,gamma,2.5,-,True,0.9601709723217706,0.0030265396445730095,False,True,True,0.013930829926433796
0000120,rule_4,struck_by_risk,gamma,4.0,-,False,0.9101333884500116,0.006946206471358602,False,False,False,0.06796840743886101
0000120,rule_4,struck_by_risk,contrast,0.15,-,False,0.9746113146946715,0.0018439077880984937,False,False,False,0.020117039836588302
0000120,rule_4,struck_by_risk,contrast,0.3,-,False,1.0,0.0,False,False,False,-0.010445106951963323
0000120,rule_4,struck_by_risk,contrast,0.5,-,False,0.992659593503793,0.0005000040690611216,False,False,False,-0.012637446619688575
0000120,rule_4,struck_by_risk,occlude,0.1,center,False,0.9927271987452652,0.000600006103515625,False,False,False,-0.030988519981740015
0000120,rule_4,struck_by_risk,occlude,0.1,random,False,1.0,0.0,False,False,False,-0.013429407562528306
0000120,rule_4,struck_by_risk,occlude,0.2,center,False,0.9336626609888097,0.006428057964836134,False,False,False,-0.010784890916612389
0000120,rule_4,struck_by_risk,occlude,0.2,random,False,1.0,0.0,False,False,False,-0.0018462484318112482
0000120,rule_4,struck_by_risk,occlude,0.35,center,False,0.6555105174996914,0.03182970671389006,False,False,False,-0.027137095729510063
0000120,rule_4,struck_by_risk,occlude,0.35,random,False,0.04000433604602053,0.09771488939447774,False,False,False,-0.021437362427749296
0000120,rule_4,struck_by_risk,occlude_targeted,,object,True,0.0,0.2692590153586104,False,False,False,0.031890796149497525
0000124,rule_2,compliant,blur,4.0,-,False,0.0,0.42955738565362905,False,False,False,-0.025672980983342475
0000124,rule_2,compliant,blur,8.0,-,False,0.0,0.35444115186917363,False,False,False,0.07940233535399388
0000124,rule_2,compliant,blur,16.0,-,True,0.024863354652401703,0.09840493438348055,False,False,False,-0.08003322113490796
0000124,rule_2,compliant,gamma,1.5,-,False,0.9750427024929886,0.0007999979654947916,False,False,False,0.004725595403994753
0000124,rule_2,compliant,gamma,2.5,-,False,0.9452913414100806,0.0020880533121200033,False,False,False,0.004785108779157832
0000124,rule_2,compliant,gamma,4.0,-,False,0.9109764892116796,0.0030462988237516444,False,False,False,0.0234506776822464
0000124,rule_2,compliant,contrast,0.15,-,False,0.9570881334760913,0.0016278895583441712,False,False,False,0.023232684603759157
0000124,rule_2,compliant,contrast,0.3,-,False,0.9687487146650635,0.0008544013270556953,False,False,False,0.013253000697919237
0000124,rule_2,compliant,contrast,0.5,-,False,0.9750427024929886,0.0007999979654947916,False,False,False,0.010188377196235221
0000124,rule_2,compliant,occlude,0.1,center,True,0.0,0.34202579869813593,False,False,False,-0.026450193753200013
0000124,rule_2,compliant,occlude,0.1,random,True,0.9814187919672948,0.0008543977552035235,False,False,False,-0.038815669050174195
0000124,rule_2,compliant,occlude,0.2,center,True,0.0,0.36122444029928524,False,False,False,-0.03551281988620758
0000124,rule_2,compliant,occlude,0.2,random,True,0.9814187919672948,0.0008543977552035235,False,False,False,-0.041780578637761856
0000124,rule_2,compliant,occlude,0.35,center,True,0.0,0.38681165205438084,False,False,False,-0.03294732634510322
0000124,rule_2,compliant,occlude,0.35,random,True,0.0,0.3412258713651417,False,False,False,-0.0389973035614406
0000124,rule_2,compliant,occlude_targeted,,object,True,0.0,0.341625824824488,False,False,False,-0.03391366558415554
0000129,rule_1,compliant,blur,4.0,-,True,0.0002319265397768485,0.18202397493269545,False,False,False,0.0527162111416718
0000129,rule_1,compliant,blur,8.0,-,True,0.0002319265397768485,0.18202397493269545,False,False,False,0.05081988891659239
0000129,rule_1,compliant,blur,16.0,-,True,0.00040254379195464937,0.21867621524909134,False,False,False,-0.0592644077108857
0000129,rule_1,compliant,gamma,1.5,-,False,0.909091469561009,0.0005999959309895834,False,False,False,-0.004408611916005611
0000129,rule_1,compliant,gamma,2.5,-,False,0.8225134170704878,0.00040000406901041666,False,False,False,-0.011729875779045384
0000129,rule_1,compliant,gamma,4.0,-,True,0.0,0.30307252172656773,False,False,False,-0.01902987867859851
0000129,rule_1,compliant,contrast,0.15,-,True,0.0,0.3028792345195123,False,False,False,0.01739263601068952
0000129,rule_1,compliant,contrast,0.3,-,True,0.0,0.3025880399328451,False,False,False,0.008629213353352982
0000129,rule_1,compliant,contrast,0.5,-,True,0.0,0.30278334101242377,False,False,False,0.008149127742009599
0000129,rule_1,compliant,occlude,0.1,center,False,0.952382797740726,0.00029998779296875,False,False,False,-0.003939204716256639
0000129,rule_1,compliant,occlude,0.1,random,False,0.952382797740726,0.00029998779296875,False,False,False,0.003695396240800619
0000129,rule_1,compliant,occlude,0.2,center,True,0.0,0.3591290624489811,False,False,False,-0.0025086629071404687
0000129,rule_1,compliant,occlude,0.2,random,False,0.952382797740726,0.00029998779296875,False,False,False,0.0005240465647409209
0000129,rule_1,compliant,occlude,0.35,center,True,0.0,0.42754535709733615,False,False,False,0.0211758992767761
0000129,rule_1,compliant,occlude,0.35,random,False,0.7792221556152793,0.0005000081380373899,False,False,False,0.02834971994161606
0000129,rule_1,compliant,occlude_targeted,,object,False,0.4529401756445945,0.00029998779365864666,False,False,False,0.0046406649718327975
0000149,rule_2,fall_hazard,blur,4.0,-,False,0.5995882650950878,0.013891718327040392,False,False,False,-0.01927345269057268
0000149,rule_2,fall_hazard,blur,8.0,-,False,0.28117148564337424,0.005358131357152728,False,False,False,0.01398860267665869
0000149,rule_2,fall_hazard,blur,16.0,-,False,0.008771049272908856,0.2659388582711778,False,False,False,-0.2688127802261574
0000149,rule_2,fall_hazard,gamma,1.5,-,False,1.0,0.0,False,False,False,-0.01597714440461684
0000149,rule_2,fall_hazard,gamma,2.5,-,False,1.0,0.0,False,False,False,-0.017161394765769833
0000149,rule_2,fall_hazard,gamma,4.0,-,False,0.9613446493219334,0.001040394069316652,False,False,False,-0.02157980911796542
0000149,rule_2,fall_hazard,contrast,0.15,-,False,0.33708904714132215,0.00870269511966767,False,False,False,-0.0015312843992337788
0000149,rule_2,fall_hazard,contrast,0.3,-,False,0.9824561464900395,0.0006451474833483902,False,False,False,-0.013067169511061794
0000149,rule_2,fall_hazard,contrast,0.5,-,False,0.9911502706496332,0.00032258017577695115,False,False,False,-0.011568265864262628
0000149,rule_2,fall_hazard,occlude,0.1,center,False,1.0,0.0,False,False,False,-0.006913679316276955
0000149,rule_2,fall_hazard,occlude,0.1,random,False,1.0,0.0,False,False,False,-0.005475283830196798
0000149,rule_2,fall_hazard,occlude,0.2,center,False,0.9743588193379829,0.0,False,False,False,-0.006723328191158062
0000149,rule_2,fall_hazard,occlude,0.2,random,False,1.0,0.0,False,False,False,-0.006973215409058597
0000149,rule_2,fall_hazard,occlude,0.35,center,False,0.906593284488575,0.000645134615142878,False,False,False,-0.0012256738899105724
0000149,rule_2,fall_hazard,occlude,0.35,random,True,,,True,True,True,-0.05220287550030478
0000149,rule_2,fall_hazard,occlude_targeted,,object,False,0.34710751587172484,0.008427454551762192,False,False,False,0.02771060649674495
0000183,rule_1,compliant,blur,4.0,-,True,0.000165709957431918,0.22230034426492262,False,False,False,-0.06527310922475793
0000183,rule_1,compliant,blur,8.0,-,True,9.03608086900432e-05,0.20987482552044087,False,False,False,-0.013050277551103884
0000183,rule_1,compliant,blur,16.0,-,True,9.03608086900432e-05,0.20987482552044087,False,False,False,-0.1489736217062001
0000183,rule_1,compliant,gamma,1.5,-,False,0.8000039936612109,0.000499985758529771,False,False,False,-0.006897178611585009
0000183,rule_1,compliant,gamma,2.5,-,False,0.8000039936612109,0.000499985758529771,False,False,False,-0.001829264286373311
0000183,rule_1,compliant,gamma,4.0,-,False,0.0,0.16218764865570146,False,False,False,0.022445693878190953
0000183,rule_1,compliant,contrast,0.15,-,True,0.0,0.16177392283484876,False,False,False,-0.02613489622516285
0000183,rule_1,compliant,contrast,0.3,-,True,0.0,0.16218764865570146,False,False,False,-0.003738321363925934
0000183,rule_1,compliant,contrast,0.5,-,True,0.0,0.16178812890060126,False,False,False,-0.00024363724514842033
0000183,rule_1,compliant,occlude,0.1,center,True,0.8000039936612109,0.000499985758529771,False,False,False,-0.01593595077948906
0000183,rule_1,compliant,occlude,0.1,random,False,0.0,0.16218764865570146,False,False,False,-0.00199840317613309
0000183,rule_1,compliant,occlude,0.2,center,True,0.8000039936612109,0.000499985758529771,False,False,False,0.0011990884585040273
0000183,rule_1,compliant,occlude,0.2,random,True,0.0,0.2950479464230799,False,False,False,-0.01311887268509182
0000183,rule_1,compliant,occlude,0.35,center,False,0.0,0.5164444663730369,False,False,False,-0.019636596952165908
0000183,rule_1,compliant,occlude,0.35,random,True,0.8000039936612109,0.000499985758529771,False,False,False,-0.007350842468440533
0000183,rule_1,compliant,occlude_targeted,,object,True,0.0,0.16177392283484876,False,False,False,-0.03382620508117329
0000203,rule_3,fall_hazard,blur,4.0,-,False,0.0,0.33054175758516097,False,False,False,-0.015354794815980899
0000203,rule_3,fall_hazard,blur,8.0,-,True,0.03919560925252664,0.2290916353974144,False,False,False,-0.0906428409683886
0000203,rule_3,fall_hazard,blur,16.0,-,True,0.03919560925252664,0.2290916353974144,False,False,False,-0.14443364770462108
0000203,rule_3,fall_hazard,gamma,1.5,-,False,0.9672214237545179,0.0020880630556226036,False,False,False,0.014841870105426258
0000203,rule_3,fall_hazard,gamma,2.5,-,False,0.0,0.3391285431375632,False,False,False,-0.04582128873361002
0000203,rule_3,fall_hazard,gamma,4.0,-,False,0.0,0.11613387669444668,False,False,False,0.015259402404938394
0000203,rule_3,fall_hazard,contrast,0.15,-,False,0.0,0.3388460517836223,False,False,False,-0.016692979859986412
0000203,rule_3,fall_hazard,contrast,0.3,-,False,0.0,0.3388460517836223,False,False,False,-0.037092873693576944
0000203,rule_3,fall_hazard,contrast,0.5,-,False,0.9339465969717846,0.004400004069022176,False,False,False,0.004052282244499272
0000203,rule_3,fall_hazard,occlude,0.1,center,False,0.7666697355565446,0.025685994980433214,False,False,False,-0.00736345204391653
0000203,rule_3,fall_hazard,occlude,0.1,random,False,0.0,0.3058564470006726,False,False,False,-0.0397170790903536
0000203,rule_3,fall_hazard,occlude,0.2,center,False,0.0,0.33905859514639974,False,False,False,-0.03161599832986084
0000203,rule_3,fall_hazard,occlude,0.2,random,False,0.0,0.3393409095642714,False,False,False,-0.03989837085828185
0000203,rule_3,fall_hazard,occlude,0.35,center,False,0.0,0.3393409095642714,False,False,False,-0.023369434422680246
0000203,rule_3,fall_hazard,occlude,0.35,random,False,0.0,0.3393409095642714,False,False,False,-0.019382132217288017
0000203,rule_3,fall_hazard,occlude_targeted,,object,False,0.8629305727420976,0.0028302031815663274,False,False,False,0.004666390296603984
0000204,rule_1,compliant,blur,4.0,-,False,0.9660808633362364,0.005325414144205897,False,False,False,0.03483670188247101
0000204,rule_1,compliant,blur,8.0,-,False,0.854837724067804,0.02843961962684145,False,False,False,0.04328167824340723
0000204,rule_1,compliant,blur,16.0,-,False,0.8415159987201123,0.03160144017797335,False,False,False,0.05905640471194473
0000204,rule_1,compliant,gamma,1.5,-,False,0.998953946490483,0.00030000813802083336,False,False,False,-0.021232752994234994
0000204,rule_1,compliant,gamma,2.5,-,False,0.9869425972338746,0.002088065978726465,False,False,False,0.006362581625580788
0000204,rule_1,compliant,gamma,4.0,-,False,0.05302261579390634,0.26082839953484227,False,False,False,0.022607020900717756
0000204,rule_1,compliant,contrast,0.15,-,False,0.05512110836669684,0.27463536112230397,False,False,False,-0.005050693106438353
0000204,rule_1,compliant,contrast,0.3,-,False,0.05515864463934483,0.2743465325671942,False,False,False,0.00026453672243020865
0000204,rule_1,compliant,contrast,0.5,-,False,0.05531567183887413,0.27413896241302965,False,False,False,0.0134844973550311
0000204,rule_1,compliant,occlude,0.1,center,False,0.05527735897958912,0.27431634980753555,False,True,False,0.05807804153556684
0000204,rule_1,compliant,occlude,0.1,random,False,0.05535347269501922,0.2738502019215073,False,True,False,0.06507628996969095
0000204,rule_1,compliant,occlude,0.2,center,False,0.27309438337482056,0.1310664197807679,False,False,False,0.01401829546583555
0000204,rule_1,compliant,occlude,0.2,random,False,0.05519623111305665,0.27405799078151394,False,True,False,0.06736855415095178
0000204,rule_1,compliant,occlude,0.35,center,False,0.02845243184434046,0.3096987061505274,False,False,False,0.05764869813408169
0000204,rule_1,compliant,occlude,0.35,random,False,0.012256650678813001,0.33168771222378535,False,False,False,0.037573542445898056
0000204,rule_1,compliant,occlude_targeted,,object,False,0.003084054607352003,0.30315680602303324,False,False,False,0.0028506337132837567
0000205,rule_4,compliant,blur,4.0,-,False,0.9892348782518601,0.0021931713243072775,False,False,False,0.010625583430131313
0000205,rule_4,compliant,blur,8.0,-,False,0.9693556116376841,0.0062425991370486785,False,False,False,0.007758494289148432
0000205,rule_4,compliant,blur,16.0,-,False,0.6313438460389219,0.14289105256468765,False,False,False,-0.09203899553785178
0000205,rule_4,compliant,gamma,1.5,-,False,1.0,0.0,False,False,False,0.009901776200249124
0000205,rule_4,compliant,gamma,2.5,-,False,1.0,0.0,False,False,False,0.03968320962528327
0000205,rule_4,compliant,gamma,4.0,-,False,0.012258026449862685,0.3448918862482421,False,False,False,0.12045307436750996
0000205,rule_4,compliant,contrast,0.15,-,True,0.0,0.5553203612379807,False,False,False,0.0055183119007519155
0000205,rule_4,compliant,contrast,0.3,-,False,1.0,0.0,False,False,False,0.029632256854148165
0000205,rule_4,compliant,contrast,0.5,-,False,1.0,0.0,False,False,False,0.009492813949547152
0000205,rule_4,compliant,occlude,0.1,center,False,0.9953198447920181,0.0011999918619791667,False,False,False,0.014605474732224955
0000205,rule_4,compliant,occlude,0.1,random,False,0.9984423518672546,0.00040000406901041666,False,False,False,-0.005558741234597653
0000205,rule_4,compliant,occlude,0.2,center,False,0.7040012922739592,0.10172793007350196,False,False,False,0.02015300516280205
0000205,rule_4,compliant,occlude,0.2,random,True,0.9797192216335814,0.005199991861979167,False,True,True,0.05515557505254054
0000205,rule_4,compliant,occlude,0.35,center,False,0.7040012922739592,0.10172793007350196,False,False,False,0.05097830331951414
0000205,rule_4,compliant,occlude,0.35,random,False,0.9329173521582714,0.017199991861979166,False,False,False,0.0181066356008015
0000205,rule_4,compliant,occlude_targeted,,object,True,0.0,0.5554607797419682,False,False,False,-0.00545498575009995
0000229,rule_1,ppe_violation,blur,4.0,-,False,0.2779867764251052,0.0030603348059489227,False,False,False,0.034299235325306654
0000229,rule_1,ppe_violation,blur,8.0,-,False,0.0004437721937840594,0.046145295549821,False,False,False,0.03608570374282338
0000229,rule_1,ppe_violation,blur,16.0,-,False,0.0004437721937840594,0.046145295549821,False,False,False,-0.11116678103022437
0000229,rule_1,ppe_violation,gamma,1.5,-,False,1.0,0.0,False,False,False,-0.0035918720199593634
0000229,rule_1,ppe_violation,gamma,2.5,-,True,0.0,0.1702798041881518,False,False,False,-0.0073011343234352655
0000229,rule_1,ppe_violation,gamma,4.0,-,False,0.4846482364322485,0.0023893902512876625,False,False,False,-1.0099062430102279e-05
0000229,rule_1,ppe_violation,contrast,0.15,-,False,0.9411757666059306,0.000435792201624699,False,False,False,-0.008090427544500178
0000229,rule_1,ppe_violation,contrast,0.3,-,False,0.5151495167846336,0.0017920544373037203,False,False,False,-0.004724161499845225
0000229,rule_1,ppe_violation,contrast,0.5,-,False,0.8467416150546341,0.0005000016904265306,False,False,False,-0.003744477339621133
0000229,rule_1,ppe_violation,occlude,0.1,center,False,0.0,0.1697382326388093,False,False,False,0.033701622259936115
0000229,rule_1,ppe_violation,occlude,0.1,random,False,0.9094634787364205,0.0005000071237999035,False,False,False,-0.033423417048262793
0000229,rule_1,ppe_violation,occlude,0.2,center,True,0.0,0.17094879243472572,False,False,False,0.054628980412547046
0000229,rule_1,ppe_violation,occlude,0.2,random,False,0.9094634787364205,0.0005000071237999035,False,False,False,-0.030069274761314935
0000229,rule_1,ppe_violation,occlude,0.35,center,False,0.0,0.18995161565520732,False,False,False,0.052052993593471375
0000229,rule_1,ppe_violation,occlude,0.35,random,False,0.9094634787364205,0.0005000071237999035,False,False,False,-0.02921261099566308
0000229,rule_1,ppe_violation,occlude_targeted,,object,True,0.0,0.17022033257193717,False,False,False,-0.010751549354089174
0000233,rule_1,ppe_violation,blur,4.0,-,True,0.0,0.47289747031639007,False,False,False,0.010278999140219902
0000233,rule_1,ppe_violation,blur,8.0,-,True,0.0,0.4721305113402043,False,False,False,0.04591041357655601
0000233,rule_1,ppe_violation,blur,16.0,-,True,0.00016867402816533698,0.309129375418891,False,False,False,-0.07437994952809501
0000233,rule_1,ppe_violation,gamma,1.5,-,False,1.0,0.0,False,False,False,-0.007161323247211415
0000233,rule_1,ppe_violation,gamma,2.5,-,False,1.0,0.0,False,False,False,0.0020368945385728088
0000233,rule_1,ppe_violation,gamma,4.0,-,False,0.3684209215221171,0.0016970483624831646,False,False,False,0.01824073347129984
0000233,rule_1,ppe_violation,contrast,0.15,-,False,0.9333337854456019,0.0002999979654947917,False,False,False,0.018893445376306772
0000233,rule_1,ppe_violation,contrast,0.3,-,False,0.9333337854456019,0.0002999979654947917,False,False,False,0.006571321349058801
0000233,rule_1,ppe_violation,contrast,0.5,-,False,0.9333337854456019,0.0002999979654947917,False,False,False,0.0037899653294255486
0000233,rule_1,ppe_violation,occlude,0.1,center,False,0.4491972711608006,0.0016970483624831646,False,False,False,-0.018928478338888777
0000233,rule_1,ppe_violation,occlude,0.1,random,True,1.0,0.0,False,False,False,-0.0499512356306826
0000233,rule_1,ppe_violation,occlude,0.2,center,False,0.4491972711608006,0.0016970483624831646,False,False,False,-0.022387253386633832
0000233,rule_1,ppe_violation,occlude,0.2,random,True,1.0,0.0,False,False,False,-0.056265519665820385
0000233,rule_1,ppe_violation,occlude,0.35,center,True,0.49999906651055304,0.0012041535444057513,False,False,False,-0.05643612745084936
0000233,rule_1,ppe_violation,occlude,0.35,random,True,0.0,0.47131040868998303,False,False,False,-0.029163903955902404
0000233,rule_1,ppe_violation,occlude_targeted,,object,True,0.0,0.47053815215329475,False,False,False,0.013002350128122675
0000253,rule_3,fall_hazard,blur,4.0,-,True,,,False,False,False,0.05185593456633719
0000253,rule_3,fall_hazard,blur,8.0,-,True,,,False,False,False,-0.007570233654393355
0000253,rule_3,fall_hazard,blur,16.0,-,True,,,False,False,False,-0.06326980010413763
0000253,rule_3,fall_hazard,gamma,1.5,-,False,,,False,False,False,0.011505914094683822
0000253,rule_3,fall_hazard,gamma,2.5,-,False,,,False,False,False,0.05029499854964126
0000253,rule_3,fall_hazard,gamma,4.0,-,False,,,False,False,False,0.037286380387760776
0000253,rule_3,fall_hazard,contrast,0.15,-,False,,,False,False,False,0.05539149546402167
0000253,rule_3,fall_hazard,contrast,0.3,-,False,,,False,False,False,0.06449490540998648
0000253,rule_3,fall_hazard,contrast,0.5,-,False,,,False,False,False,0.06497871604553618
0000253,rule_3,fall_hazard,occlude,0.1,center,False,,,False,False,False,-0.0073260493105749
0000253,rule_3,fall_hazard,occlude,0.1,random,False,,,False,False,False,-0.00821687245311642
0000253,rule_3,fall_hazard,occlude,0.2,center,False,,,False,False,False,-0.006355449526601498
0000253,rule_3,fall_hazard,occlude,0.2,random,False,,,False,False,False,-0.0006488297482605265
0000253,rule_3,fall_hazard,occlude,0.35,center,False,,,False,False,False,0.0018571288130440067
0000253,rule_3,fall_hazard,occlude,0.35,random,False,,,False,False,False,-0.005825558841064726
0000254,rule_3,compliant,blur,4.0,-,False,0.34176989157060206,0.26041400841650714,False,False,False,0.09712625212374737
0000254,rule_3,compliant,blur,8.0,-,False,0.7271952866087037,0.058376799830559906,False,False,False,0.046595047460868955
0000254,rule_3,compliant,blur,16.0,-,False,0.4022162371800403,0.1691619647420825,False,False,False,-0.11018517681143503
0000254,rule_3,compliant,gamma,1.5,-,False,0.9922509972008485,0.0013416407865075868,False,False,False,0.0010333389010546146
0000254,rule_3,compliant,gamma,2.5,-,False,0.9954180958914329,0.001600001017252604,False,False,False,0.0058912896285099325
0000254,rule_3,compliant,gamma,4.0,-,False,0.5481583224195726,0.1536659048471716,False,False,False,0.05861153786203688
0000254,rule_3,compliant,contrast,0.15,-,False,0.9664546500958339,0.005859179059224963,False,False,False,0.031131720103855676
0000254,rule_3,compliant,contrast,0.3,-,False,0.978356503209708,0.006806612756254909,False,False,False,0.005605153805975371
0000254,rule_3,compliant,contrast,0.5,-,False,0.9850402858783999,0.005199996948242187,False,False,False,0.0026138817359293576
0000254,rule_3,compliant,occlude,0.1,center,False,0.386583977252393,0.20342664201534827,False,False,False,-0.014158170404178771
0000254,rule_3,compliant,occlude,0.1,random,False,0.9922509972008485,0.0013416407865075868,False,False,False,0.015367473309327417
0000254,rule_3,compliant,occlude,0.2,center,True,0.29942413438776666,0.22614936978020975,False,False,False,-0.03725732796426329
0000254,rule_3,compliant,occlude,0.2,random,False,0.9660292307505649,0.004883645553937094,False,False,False,0.012459556771708402
0000254,rule_3,compliant,occlude,0.35,center,True,0.21472809277257568,0.2524491519568457,False,False,False,-0.029647125463400537
0000254,rule_3,compliant,occlude,0.35,random,False,0.4049135221673115,0.1962498715270447,False,False,False,-0.009132534797702485
0000254,rule_3,compliant,occlude_targeted,,object,False,0.9891213668646839,0.0014422238958076005,False,False,False,0.012053924257911408
0000280,rule_2,compliant,blur,4.0,-,False,0.9425927600557286,0.001999988810222146,False,False,False,0.052896641128297395
0000280,rule_2,compliant,blur,8.0,-,False,0.9197222868439788,0.011132386176047821,False,False,False,0.09146091415147706
0000280,rule_2,compliant,blur,16.0,-,False,0.3033954012919112,0.04607657777132089,False,False,False,0.06803357875724503
0000280,rule_2,compliant,gamma,1.5,-,False,0.9970844691335519,0.00030000813802083336,False,False,False,0.0052162962300437155
0000280,rule_2,compliant,gamma,2.5,-,False,0.9883380742509353,0.00120001220703125,False,False,False,0.02136749375079372
0000280,rule_2,compliant,gamma,4.0,-,False,0.9327446736573672,0.006118830299074139,False,False,False,0.05868636151509632
0000280,rule_2,compliant,contrast,0.15,-,False,0.9970844691335519,0.00030000813802083336,False,False,False,0.01633111440709667
0000280,rule_2,compliant,contrast,0.3,-,False,0.997093141311775,0.00029998779296875,False,False,False,0.006191122877810762
0000280,rule_2,compliant,contrast,0.5,-,False,0.997093141311775,0.00029998779296875,False,False,False,-0.0002391484699078017
0000280,rule_2,compliant,occlude,0.1,center,True,0.3427856178081041,0.2196248202501772,False,False,False,0.008885663667959953
0000280,rule_2,compliant,occlude,0.1,random,False,0.9901282918237957,0.000500030517578125,False,False,False,0.024500316541109846
0000280,rule_2,compliant,occlude,0.2,center,False,0.2774609753896529,0.24280466194432654,False,False,False,0.08775702819582976
0000280,rule_2,compliant,occlude,0.2,random,False,0.5460067588689907,0.14694831941017575,False,False,False,0.017511453745620686
0000280,rule_2,compliant,occlude,0.35,center,False,0.07947503572259478,0.2877916118206193,False,False,False,0.02591761547539928
0000280,rule_2,compliant,occlude,0.35,random,False,0.21131562547987254,0.22807124705699186,False,False,False,0.001331285773111368
0000280,rule_2,compliant,occlude_targeted,,object,False,0.970089927586053,0.0004999928793301432,False,True,False,-0.06378649138323544
0000288,rule_2,compliant,blur,4.0,-,False,0.9469583034973553,0.004664744419060926,False,False,False,0.0806696837368821
0000288,rule_2,compliant,blur,8.0,-,False,0.9004189231464491,0.009047105953806759,False,False,False,0.009648577812091608
0000288,rule_2,compliant,blur,16.0,-,False,0.12310932282203155,0.08259545257102952,False,False,False,-0.14565923869875919
0000288,rule_2,compliant,gamma,1.5,-,False,0.9939939334481638,0.0008000081380208333,False,False,False,0.013118454521255929
0000288,rule_2,compliant,gamma,2.5,-,False,0.9910178737961244,0.00120001220703125,False,False,False,0.059560090170375
0000288,rule_2,compliant,gamma,4.0,-,False,0.9820143862853961,0.0020223629708659065,False,False,False,0.06147299773458936
0000288,rule_2,compliant,contrast,0.15,-,False,0.9879125880905686,0.0012369356352273818,False,False,False,0.04392232539664431
0000288,rule_2,compliant,contrast,0.3,-,False,0.9908969174477816,0.0008544108518612624,False,False,False,0.02941645961254835
0000288,rule_2,compliant,contrast,0.5,-,False,0.9939939334481638,0.0008000081380208333,False,False,False,0.016032414510846138
0000288,rule_2,compliant,occlude,0.1,center,False,0.9908874947004994,0.0008543941834575347,False,True,False,0.07478731409595407
0000288,rule_2,compliant,occlude,0.1,random,False,0.9968653310503788,0.00029998779296875,False,False,False,-0.002220229644860461
0000288,rule_2,compliant,occlude,0.2,center,False,0.7814907953350135,0.020163577459297373,False,True,False,0.016154202212999236
0000288,rule_2,compliant,occlude,0.2,random,False,0.8840126781361465,0.010500010172526041,False,False,False,0.012893038535756851
0000288,rule_2,compliant,occlude,0.35,center,False,0.2967425175754841,0.11855124505916526,False,False,False,-0.019947894812597733
0000288,rule_2,compliant,occlude,0.35,random,False,1.0,0.0,False,False,False,0.037650917922811944
0000288,rule_2,compliant,occlude_targeted,,object,False,0.9496771261165328,0.0009000040690104167,False,False,False,-0.08083248670612053
0000325,rule_4,compliant,blur,4.0,-,False,0.9637705031402516,0.0021931905152348698,False,False,False,-0.06502071226763917
0000325,rule_4,compliant,blur,8.0,-,False,0.9086072669564776,0.00401124345511988,False,False,False,-0.035431165334578574
0000325,rule_4,compliant,blur,16.0,-,True,0.13311862984806128,0.147338027144998,False,False,False,-0.036022722713656696
0000325,rule_4,compliant,gamma,1.5,-,False,0.9952381678989956,0.000399993896484375,False,False,False,-0.046835076505084006
0000325,rule_4,compliant,gamma,2.5,-,False,0.9861409908503502,0.0008544013270556953,False,False,False,-0.042264748924162765
0000325,rule_4,compliant,gamma,4.0,-,False,0.9726229454936646,0.0008000081382795314,False,False,False,-0.05081265635324472
0000325,rule_4,compliant,contrast,0.15,-,False,0.981758430135599,0.000999983724125974,False,False,False,-0.05354150824967463
0000325,rule_4,compliant,contrast,0.3,-,False,0.9864128390082416,0.000721086555793269,False,False,False,-0.05270977108142305
0000325,rule_4,compliant,contrast,0.5,-,False,0.9864128390082416,0.000721086555793269,False,False,False,-0.04863408565412064
0000325,rule_4,compliant,occlude,0.1,center,False,1.0,0.0,False,False,False,-0.048172799158518353
0000325,rule_4,compliant,occlude,0.1,random,False,0.9955358953973553,0.00029998779296875,False,False,False,-0.0465445907852442
0000325,rule_4,compliant,occlude,0.2,center,False,0.9815101041200525,0.0012369307008668273,False,False,False,-0.05909883777664393
0000325,rule_4,compliant,occlude,0.2,random,False,0.9955358953973553,0.00029998779296875,False,False,False,-0.048332805107364596
0000325,rule_4,compliant,occlude,0.35,center,False,0.050929792815236075,0.14253929127254006,False,False,False,-0.03247683900107101
0000325,rule_4,compliant,occlude,0.35,random,False,0.8189831602140931,0.012006644278747858,False,False,False,-0.001838950747316881
0000325,rule_4,compliant,occlude_targeted,,object,False,0.0,0.17924921383595344,False,False,False,-0.002026827084821603
0000327,rule_4,struck_by_risk,blur,4.0,-,False,0.9658214240443078,0.0025606497695413563,False,False,False,0.0737675454408403
0000327,rule_4,struck_by_risk,blur,8.0,-,False,0.8233709538138373,0.026202553687536358,False,False,False,0.10157219344188295
0000327,rule_4,struck_by_risk,blur,16.0,-,False,0.6519898367523527,0.06677557138533403,False,False,False,0.14403647420898313
0000327,rule_4,struck_by_risk,gamma,1.5,-,False,0.9936240085931519,0.0009058479968896789,False,False,False,0.009266359465462837
0000327,rule_4,struck_by_risk,gamma,2.5,-,False,0.9542827636273947,0.007083922896066538,False,False,False,0.053326566245347706
0000327,rule_4,struck_by_risk,gamma,4.0,-,False,0.5456785319737738,0.06036865940880174,False,False,False,0.08586230566577302
0000327,rule_4,struck_by_risk,contrast,0.15,-,False,0.9896369895858302,0.0013967613825473053,False,False,False,0.029411719313689688
0000327,rule_4,struck_by_risk,contrast,0.3,-,False,0.9919894157913144,0.0010000078578622086,False,False,False,0.011503693958123562
0000327,rule_4,struck_by_risk,contrast,0.5,-,False,0.9959841845842453,0.000500004607054241,False,False,False,-0.0018797728513915146
0000327,rule_4,struck_by_risk,occlude,0.1,center,True,0.4665194825956117,0.07243263288912619,False,False,False,0.011845648643516338
0000327,rule_4,struck_by_risk,occlude,0.1,random,False,0.9983443605753386,0.0002445797994062606,False,False,False,0.0001728352573182601
0000327,rule_4,struck_by_risk,occlude,0.2,center,False,0.8232223471251846,0.024974634961274243,False,False,False,0.0657898278427066
0000327,rule_4,struck_by_risk,occlude,0.2,random,False,0.6649288205031492,0.05450804847413211,False,False,False,0.013775419739503691
0000327,rule_4,struck_by_risk,occlude,0.35,center,False,0.033687937193625624,0.19429682050285657,False,False,False,-0.038281805695049465
0000327,rule_4,struck_by_risk,occlude,0.35,random,False,0.42313659263653686,0.10234661350322824,False,False,False,0.05799584516457146
0000327,rule_4,struck_by_risk,occlude_targeted,,object,False,0.0,0.22309936115004725,False,False,False,0.03164115619091756
0000331,rule_4,struck_by_risk,blur,4.0,-,False,0.9679233198100035,0.003000003814766252,False,False,False,0.08398954061761743
0000331,rule_4,struck_by_risk,blur,8.0,-,False,0.9717489840783158,0.004275515156841759,False,False,False,0.12896722508124037
0000331,rule_4,struck_by_risk,blur,16.0,-,False,0.9413358812994052,0.006648321030744783,False,False,False,0.13307641138031034
0000331,rule_4,struck_by_risk,gamma,1.5,-,False,0.99563974326558,0.0004999869029661148,False,False,False,0.009762063859001024
0000331,rule_4,struck_by_risk,gamma,2.5,-,False,0.991288349248116,0.0009999900818124623,False,False,False,0.0476242010259913
0000331,rule_4,struck_by_risk,gamma,4.0,-,False,0.9364797708594004,0.009139475593994643,False,False,False,0.07719807232183129
0000331,rule_4,struck_by_risk,contrast,0.15,-,False,0.9906449183503172,0.000399983723976524,False,False,False,0.035383078491403985
0000331,rule_4,struck_by_risk,contrast,0.3,-,False,0.9966610572596567,8.265177408854166e-09,False,False,False,0.013527911097284462
0000331,rule_4,struck_by_risk,contrast,0.5,-,False,0.9983305056326737,0.00030000813802083336,False,False,False,0.006301802006505874
0000331,rule_4,struck_by_risk,occlude,0.1,center,False,0.9509786016226033,0.006462191723808952,False,False,False,0.034640168386792514
0000331,rule_4,struck_by_risk,occlude,0.1,random,False,0.9660394381119284,0.004809374492378915,False,False,False,0.011923101686296067
0000331,rule_4,struck_by_risk,occlude,0.2,center,False,0.2979809298362533,0.11417465024632503,False,False,False,0.0712690511274906
0000331,rule_4,struck_by_risk,occlude,0.2,random,False,0.8664754957458352,0.019602302011262056,False,False,False,0.014262438884803275
0000331,rule_4,struck_by_risk,occlude,0.35,center,False,0.16194289647039006,0.13890230467495301,False,False,False,0.08455602201077106
0000331,rule_4,struck_by_risk,occlude,0.35,random,False,0.5910119713584348,0.06040298408732535,False,False,False,0.09799808878747251
0000331,rule_4,struck_by_risk,occlude_targeted,,object,False,0.004059371898901862,0.1913192118561265,False,False,False,0.05223908825289647
0000332,rule_2,fall_hazard,blur,4.0,-,False,0.10881420813320873,0.0453282458049882,False,False,False,0.04324034501665408
0000332,rule_2,fall_hazard,blur,8.0,-,False,0.15634608712510772,0.02565306352015062,False,False,False,0.0793422976442214
0000332,rule_2,fall_hazard,blur,16.0,-,False,0.0037770928710979756,0.03628567469693262,False,False,False,-0.09716905836112688
0000332,rule_2,fall_hazard,gamma,1.5,-,False,0.9680907149879551,0.0004999918622440805,False,False,False,-0.011261108863566571
0000332,rule_2,fall_hazard,gamma,2.5,-,False,0.8923153778943105,0.0009000040692403718,False,False,False,0.0026864366206740264
0000332,rule_2,fall_hazard,gamma,4.0,-,False,0.0,0.18252454638140736,False,False,False,-0.015145791228860617
0000332,rule_2,fall_hazard,contrast,0.15,-,False,0.9499997739438657,0.00030000813802083336,False,False,False,-0.0009037580208053342
0000332,rule_2,fall_hazard,contrast,0.3,-,False,0.9516825109468134,0.000399983724087689,False,False,False,-0.003597636041896557
0000332,rule_2,fall_hazard,contrast,0.5,-,False,0.9516825109468134,0.000399983724087689,False,False,False,0.0011743104218373546
0000332,rule_2,fall_hazard,occlude,0.1,center,False,0.0037770928710979756,0.03628567469693262,False,False,False,-0.05970530464713053
0000332,rule_2,fall_hazard,occlude,0.1,random,False,0.0,0.08759999593099195,False,False,False,-0.01354023967204343
0000332,rule_2,fall_hazard,occlude,0.2,center,False,0.0037770928710979756,0.03628567469693262,False,False,False,-0.06669339950063391
0000332,rule_2,fall_hazard,occlude,0.2,random,False,0.0,0.08820089899760114,False,False,False,-0.012421893687652563
0000332,rule_2,fall_hazard,occlude,0.35,center,False,0.0037770928710979756,0.03628567469693262,False,False,False,-0.09145848519567923
0000332,rule_2,fall_hazard,occlude,0.35,random,False,0.0037770928710979756,0.03628567469693262,False,False,False,-0.028149339459126788
0000332,rule_2,fall_hazard,occlude_targeted,,object,False,0.0,0.08702298500178102,False,False,False,-0.033936608183596784
0000341,rule_3,compliant,blur,4.0,-,False,0.9664783616479917,0.0029546558945414427,False,False,False,0.05439382844737595
0000341,rule_3,compliant,blur,8.0,-,False,0.5109343038072316,0.026847913598848392,False,False,False,-0.013091941663463169
0000341,rule_3,compliant,blur,16.0,-,False,0.39779153772209574,0.09218351576869104,False,False,False,0.024492838528829664
0000341,rule_3,compliant,gamma,1.5,-,False,0.9922316765374725,0.0013416589837370752,False,False,False,0.017857865696506825
0000341,rule_3,compliant,gamma,2.5,-,False,0.9858688696361002,0.0023323809324152394,False,False,False,0.05001710647983204
0000341,rule_3,compliant,gamma,4.0,-,True,0.0,0.4638213436792909,False,False,False,0.04853710994523541
0000341,rule_3,compliant,contrast,0.15,-,False,0.9958960955104162,0.00040001424153645834,False,False,False,0.045677090861967584
0000341,rule_3,compliant,contrast,0.3,-,False,0.9972640288838506,0.0007999979654947916,False,False,False,0.030392341515315335
0000341,rule_3,compliant,contrast,0.5,-,False,0.9972640288838506,0.0007999979654947916,False,False,False,0.01813657874507557
0000341,rule_3,compliant,occlude,0.1,center,True,0.2583682208698542,0.19804426426410393,False,False,False,-0.01683768789683071
0000341,rule_3,compliant,occlude,0.1,random,True,,,True,True,True,0.039226221115133963
0000341,rule_3,compliant,occlude,0.2,center,True,,,True,True,True,0.061235374545903665
0000341,rule_3,compliant,occlude,0.2,random,False,0.5650451264991512,0.1220722784775024,False,False,False,0.010826720057853567
0000341,rule_3,compliant,occlude,0.35,center,True,,,True,True,True,0.036429269003917186
0000341,rule_3,compliant,occlude,0.35,random,True,0.109664455609041,0.23552751654748424,False,False,False,0.005242479299860325
0000341,rule_3,compliant,occlude_targeted,,object,False,0.0,0.3114757099500834,False,True,False,-0.020501852219740213
0000361,rule_3,fall_hazard,blur,4.0,-,True,,,False,False,False,0.15486972519425135
0000361,rule_3,fall_hazard,blur,8.0,-,True,,,False,False,False,0.1144362894490688
0000361,rule_3,fall_hazard,blur,16.0,-,True,,,False,False,False,0.04767168052444892
0000361,rule_3,fall_hazard,gamma,1.5,-,True,,,False,False,False,0.1341148512642626
0000361,rule_3,fall_hazard,gamma,2.5,-,True,,,False,False,False,0.15747946356474374
0000361,rule_3,fall_hazard,gamma,4.0,-,True,,,False,False,False,0.22195994550014253
0000361,rule_3,fall_hazard,contrast,0.15,-,True,,,False,False,False,0.2045031027806984
0000361,rule_3,fall_hazard,contrast,0.3,-,True,,,False,False,False,0.1352106584440712
0000361,rule_3,fall_hazard,contrast,0.5,-,True,,,False,False,False,0.13506768073804754
0000361,rule_3,fall_hazard,occlude,0.1,center,False,,,False,False,False,-0.02111656981735277
0000361,rule_3,fall_hazard,occlude,0.1,random,False,,,False,False,False,-0.023619786789707553
0000361,rule_3,fall_hazard,occlude,0.2,center,False,,,False,False,False,-0.02481022334826255
0000361,rule_3,fall_hazard,occlude,0.2,random,False,,,False,False,False,-0.017188126306399765
0000361,rule_3,fall_hazard,occlude,0.35,center,False,,,False,False,False,-0.015036194437533679
0000361,rule_3,fall_hazard,occlude,0.35,random,False,,,False,False,False,-0.017695476905283947
0000370,rule_3,fall_hazard,blur,4.0,-,False,0.9153203595475481,0.00857030965133273,False,False,False,-0.013671340919765074
0000370,rule_3,fall_hazard,blur,8.0,-,False,0.1358830036267043,0.31950941934418325,False,False,False,0.014455657574303782
0000370,rule_3,fall_hazard,blur,16.0,-,False,0.1358830036267043,0.31950941934418325,False,False,False,-0.12348038059441602
0000370,rule_3,fall_hazard,gamma,1.5,-,False,0.9975309645894044,0.00029998779296875,False,False,False,0.019114765726650718
0000370,rule_3,fall_hazard,gamma,2.5,-,False,0.8985148962816306,0.01229999542236328,False,False,False,-0.018646418948524812
0000370,rule_3,fall_hazard,gamma,4.0,-,False,0.9009900429169152,0.012000007629394531,False,False,False,-0.01936545718594318
0000370,rule_3,fall_hazard,contrast,0.15,-,False,0.895611003045238,0.012026644664445044,False,False,False,-0.03490829965033171
0000370,rule_3,fall_hazard,contrast,0.3,-,False,0.8906901073035344,0.012625373517544952,False,False,False,-0.0146401811590684
0000370,rule_3,fall_hazard,contrast,0.5,-,False,0.8734667375588895,0.014721764760590532,False,False,False,0.0006580116959022941
0000370,rule_3,fall_hazard,occlude,0.1,center,False,0.9970149282370186,0.00039999961853027344,False,False,False,0.013547755822184482
0000370,rule_3,fall_hazard,occlude,0.1,random,False,0.9945605932324187,0.0004999923706964196,False,False,False,0.011710353162405651
0000370,rule_3,fall_hazard,occlude,0.2,center,False,0.9940298564740373,0.0007999992370605469,False,False,False,0.015265365740993797
0000370,rule_3,fall_hazard,occlude,0.2,random,False,1.0,0.0,False,False,False,-0.005525540139171392
0000370,rule_3,fall_hazard,occlude,0.35,center,False,0.8906901073035344,0.012625373517544952,False,False,False,-0.028791637492499245
0000370,rule_3,fall_hazard,occlude,0.35,random,False,0.6669485931483435,0.03795207676689714,False,False,False,-0.03591658783677443
0000370,rule_3,fall_hazard,occlude_targeted,,object,True,0.0,0.5253839579923837,False,False,False,-0.045029695112524304
0000376,rule_3,fall_hazard,blur,4.0,-,True,0.3313905604695498,0.1484641945075709,False,False,False,-0.06501001864671707
0000376,rule_3,fall_hazard,blur,8.0,-,True,0.6451928845182597,0.04684111636035984,False,False,False,-0.09452856270378684
0000376,rule_3,fall_hazard,blur,16.0,-,True,0.11834189143740886,0.18864444950482562,False,False,False,-0.14061719725650312
0000376,rule_3,fall_hazard,gamma,1.5,-,True,0.7870526612947483,0.030302638034108733,False,False,False,0.023888389812782407
0000376,rule_3,fall_hazard,gamma,2.5,-,True,0.7790313718437412,0.03036593216120638,False,False,False,0.024421121293146664
0000376,rule_3,fall_hazard,gamma,4.0,-,True,0.7664410832782292,0.030381573041380762,False,False,False,0.01848707121929949
0000376,rule_3,fall_hazard,contrast,0.15,-,False,0.978943516844315,0.0020880435686214957,False,False,False,-0.004760747708912438
0000376,rule_3,fall_hazard,contrast,0.3,-,False,0.9784908503989607,0.0024186710157570557,False,False,False,0.008580478240868827
0000376,rule_3,fall_hazard,contrast,0.5,-,False,0.9904459243562516,0.0011999918619791667,False,False,False,-0.005832674247878034
0000376,rule_3,fall_hazard,occlude,0.1,center,True,0.7820395996054865,0.030323750710916433,False,False,False,-0.01103239340175477
0000376,rule_3,fall_hazard,occlude,0.1,random,False,0.9903536817101748,0.0012000020345052083,False,False,False,-0.018852215659405536
0000376,rule_3,fall_hazard,occlude,0.2,center,False,0.6334489862727046,0.0405493526458808,False,False,False,-0.013355957211128366
0000376,rule_3,fall_hazard,occlude,0.2,random,True,0.9574653875236355,0.004517742258830704,False,False,False,-0.02482070694012306
0000376,rule_3,fall_hazard,occlude,0.35,center,False,,,True,False,False,-0.025517876659120864
0000376,rule_3,fall_hazard,occlude,0.35,random,False,,,True,False,False,0.01442160350935795
0000376,rule_3,fall_hazard,occlude_targeted,,object,True,0.011631965642375069,0.13634753283833295,False,False,False,0.008504972194454452
0000413,rule_2,compliant,blur,4.0,-,False,0.9631306558923225,0.0024738675696105313,False,False,False,-0.010221012320683953
0000413,rule_2,compliant,blur,8.0,-,True,0.0,0.3193409490026296,False,False,False,0.09061614605719104
0000413,rule_2,compliant,blur,16.0,-,False,0.3980827389650277,0.17171398812128216,False,False,False,-0.09854940764073805
0000413,rule_2,compliant,gamma,1.5,-,False,1.0,0.0,False,False,False,0.007870138556297368
0000413,rule_2,compliant,gamma,2.5,-,False,0.9910414367936106,0.002399998982747396,False,False,False,0.016451739057499415
0000413,rule_2,compliant,gamma,4.0,-,True,0.0,0.32514740626300653,False,False,False,0.0331647356173822
0000413,rule_2,compliant,contrast,0.15,-,False,0.9977603544519831,0.0006000010172526041,False,False,False,0.024088291024982778
0000413,rule_2,compliant,contrast,0.3,-,False,0.8488241686238899,0.02524460033732789,False,False,False,-0.0005122034375060203
0000413,rule_2,compliant,contrast,0.5,-,False,1.0,0.0,False,False,False,0.011257868492975831
0000413,rule_2,compliant,occlude,0.1,center,False,0.9921612500747798,0.002100001017252604,False,False,False,-0.00591366022958284
0000413,rule_2,compliant,occlude,0.1,random,False,1.0,0.0,False,False,False,-0.031733542115294444
0000413,rule_2,compliant,occlude,0.2,center,True,0.5614392167995251,0.11730067490310125,False,False,False,-0.025376067762928334
0000413,rule_2,compliant,occlude,0.2,random,False,0.9910414367936106,0.002399998982747396,False,False,False,-0.04573185497429222
0000413,rule_2,compliant,occlude,0.35,center,True,0.4910862425265339,0.13590058761668047,False,False,False,-0.015328576854829246
0000413,rule_2,compliant,occlude,0.35,random,True,0.339904288159029,0.17669999694824226,False,False,False,-0.05411246046423912
0000413,rule_2,compliant,occlude_targeted,,object,True,0.0,0.32403682655335503,False,False,False,-0.019245193007269012
0000421,rule_3,fall_hazard,blur,4.0,-,False,0.9200241860900911,0.0045000019073551,False,False,False,0.023078260610678414
0000421,rule_3,fall_hazard,blur,8.0,-,True,0.11018630046184645,0.22562413302978845,False,False,False,-0.05404107953377424
0000421,rule_3,fall_hazard,blur,16.0,-,True,0.11018630046184645,0.22562413302978845,False,False,False,-0.09073207639480296
0000421,rule_3,fall_hazard,gamma,1.5,-,False,0.9975186126238567,0.00039999961853027344,False,False,False,-0.007066707193319255
0000421,rule_3,fall_hazard,gamma,2.5,-,False,0.9925558378715686,0.0011999988555908203,False,False,False,0.0005411759817175454
0000421,rule_3,fall_hazard,gamma,4.0,-,False,0.964496135342575,0.0040999873091558696,False,False,False,0.0018769315044795398
0000421,rule_3,fall_hazard,contrast,0.15,-,False,0.9938780659984101,0.0004999980926550052,False,False,False,-0.011137645824679243
0000421,rule_3,fall_hazard,contrast,0.3,-,False,0.9829467229208968,0.0010000038147427402,False,False,False,-0.01633043640426224
0000421,rule_3,fall_hazard,contrast,0.5,-,False,0.9853737495803603,0.0013416459044804294,False,False,False,0.009853028758828208
0000421,rule_3,fall_hazard,occlude,0.1,center,False,,,True,False,False,-0.001914897135325777
0000421,rule_3,fall_hazard,occlude,0.1,random,False,,,True,False,False,-0.07502433080430859
0000421,rule_3,fall_hazard,occlude,0.2,center,False,,,True,False,False,-0.006053735901202395
0000421,rule_3,fall_hazard,occlude,0.2,random,False,,,True,True,False,-0.06913712307565156
0000421,rule_3,fall_hazard,occlude,0.35,center,False,,,True,False,False,0.011951768770813942
0000421,rule_3,fall_hazard,occlude,0.35,random,False,,,True,True,False,-0.08253896705151242
0000421,rule_3,fall_hazard,occlude_targeted,,object,False,,,True,False,False,-0.020046424386756634
0000433,rule_4,compliant,blur,4.0,-,False,0.19777025734927933,0.04601141556545426,False,False,False,-0.008025659396061924
0000433,rule_4,compliant,blur,8.0,-,False,0.9773159577442901,0.0007999979655109606,False,False,False,0.08061105852562278
0000433,rule_4,compliant,blur,16.0,-,False,0.19777025734927933,0.04601141556545426,False,False,False,0.11765777407912248
0000433,rule_4,compliant,gamma,1.5,-,False,0.9972862221923063,0.0006000162760416667,False,False,False,0.0011935775123890213
0000433,rule_4,compliant,gamma,2.5,-,False,0.992565074388963,0.0007999979654947916,False,False,False,0.0055818702611657445
0000433,rule_4,compliant,gamma,4.0,-,False,0.9949288084733617,0.0005000081380373899,False,False,False,0.025743901197399444
0000433,rule_4,compliant,contrast,0.15,-,False,0.9949288485812533,0.0005000027974539746,False,False,False,0.02693275971308584
0000433,rule_4,compliant,contrast,0.3,-,False,0.9949288485812533,0.0005000027974539746,False,False,False,0.02765062735194246
0000433,rule_4,compliant,contrast,0.5,-,False,0.9962824899243773,0.00040000406901041666,False,False,False,0.02501935588698534
0000433,rule_4,compliant,occlude,0.1,center,True,0.0,0.45948758279066576,False,False,False,0.024889391396076377
0000433,rule_4,compliant,occlude,0.1,random,True,0.0,0.45914185011898606,False,False,False,-0.012257087000069222
0000433,rule_4,compliant,occlude,0.2,center,True,0.0,0.45948758279066576,False,False,False,-0.026736056358213522
0000433,rule_4,compliant,occlude,0.2,random,True,0.0,0.45914185011898606,False,False,False,-0.012304685481395294
0000433,rule_4,compliant,occlude,0.35,center,True,0.0,0.45948758279066576,False,False,False,-0.013704954831314065
0000433,rule_4,compliant,occlude,0.35,random,False,0.19777025734927933,0.04601141556545426,False,False,False,0.09575704709443855
0000433,rule_4,compliant,occlude_targeted,,object,False,0.19777025734927933,0.04601141556545426,False,False,False,-0.028961182641313532
0000437,rule_1,ppe_violation,blur,4.0,-,False,0.2628573721426943,0.00312409648398795,False,False,False,0.03455755580216646
0000437,rule_1,ppe_violation,blur,8.0,-,False,0.00041566133538394783,0.18260518359869687,False,False,False,0.08675993609774335
0000437,rule_1,ppe_violation,blur,16.0,-,False,0.00041566133538394783,0.18260518359869687,False,False,False,-0.06430666266388185
0000437,rule_1,ppe_violation,gamma,1.5,-,False,0.8715801742716716,0.0007211034838556875,False,False,False,0.006816623466355587
0000437,rule_1,ppe_violation,gamma,2.5,-,False,0.6571431120326681,0.0015524158969891903,False,False,False,0.05165694640683283
0000437,rule_1,ppe_violation,gamma,4.0,-,False,0.0,0.1932684267611112,False,False,False,0.08768086281738119
0000437,rule_1,ppe_violation,contrast,0.15,-,False,0.39316274180811434,0.002683272474419711,False,False,False,-0.017633104164685443
0000437,rule_1,ppe_violation,contrast,0.3,-,False,0.46000005463026794,0.0024186748009993914,False,False,False,-0.006982018106750032
0000437,rule_1,ppe_violation,contrast,0.5,-,False,0.8715801742716716,0.0007211034838556875,False,False,False,0.0015643913564937773
0000437,rule_1,ppe_violation,occlude,0.1,center,False,0.5018184132921788,0.0016970519590256705,False,False,False,0.0031440767592618712
0000437,rule_1,ppe_violation,occlude,0.1,random,False,0.9473691959684651,0.000399993896484375,False,False,False,-0.0065219455531664305
0000437,rule_1,ppe_violation,occlude,0.2,center,False,0.5018184132921788,0.0016970519590256705,False,False,False,-0.00677697786263054
0000437,rule_1,ppe_violation,occlude,0.2,random,False,0.9473691959684651,0.000399993896484375,False,False,False,-0.0010331789297716165
0000437,rule_1,ppe_violation,occlude,0.35,center,False,0.0011505123364137658,0.18452710401700573,False,False,False,0.0009515618107149848
0000437,rule_1,ppe_violation,occlude,0.35,random,False,0.0,0.2980024262782242,False,False,False,0.056559032494468475
0000437,rule_1,ppe_violation,occlude_targeted,,object,False,0.2851243474886246,0.001499995931011659,False,False,False,0.019946730296526716
0000444,rule_2,compliant,blur,4.0,-,False,0.9748471196656624,0.0021931597866041144,False,False,False,0.051094924498881644
0000444,rule_2,compliant,blur,8.0,-,False,0.9660785359908192,0.005185558807072857,False,False,False,0.05703413792486711
0000444,rule_2,compliant,blur,16.0,-,False,0.6425187713903716,0.08396571879995968,False,False,False,0.08887398038089717
0000444,rule_2,compliant,gamma,1.5,-,False,0.9970631622520699,0.0005999959309895834,False,False,False,0.009556906963033462
0000444,rule_2,compliant,gamma,2.5,-,False,0.9897210180901428,0.0020999959309895835,False,False,False,0.0057559206283519515
0000444,rule_2,compliant,gamma,4.0,-,False,0.9884815878592165,0.0021377451022189155,False,False,False,0.00961567128875429
0000444,rule_2,compliant,contrast,0.15,-,False,0.998533721806835,0.0003000005086263021,False,False,False,0.014329971812133357
0000444,rule_2,compliant,contrast,0.3,-,False,0.998533721806835,0.0003000005086263021,False,False,False,0.013728155022753263
0000444,rule_2,compliant,contrast,0.5,-,False,0.998533721806835,0.0003000005086263021,False,False,False,0.00669904266084953
0000444,rule_2,compliant,occlude,0.1,center,False,0.9970631622520699,0.0005999959309895834,False,True,False,-0.04586120636540114
0000444,rule_2,compliant,occlude,0.1,random,False,0.5678061979441588,0.10907099595310994,False,True,False,-0.011196726134845125
0000444,rule_2,compliant,occlude,0.2,center,False,0.129627849641823,0.2062798416237098,False,True,False,-0.016176445829262365
0000444,rule_2,compliant,occlude,0.2,random,False,0.5678061979441588,0.10907099595310994,False,True,False,-0.027650746040987717
0000444,rule_2,compliant,occlude,0.35,center,False,0.15375376208440733,0.24344941625425273,False,True,False,-0.007582549855194909
0000444,rule_2,compliant,occlude,0.35,random,False,0.24615036159175638,0.23031284176349556,False,False,False,-0.03707969401563904
0000444,rule_2,compliant,occlude_targeted,,object,False,0.0,0.40658932687861865,False,True,False,-0.06866847393154107
0000468,rule_3,fall_hazard,blur,4.0,-,False,0.31503853291632256,0.14117223695996886,False,False,False,0.027931072248828515
0000468,rule_3,fall_hazard,blur,8.0,-,False,0.22246009035666628,0.2158894581211617,False,False,False,0.08789695672956954
0000468,rule_3,fall_hazard,blur,16.0,-,False,0.22279817331803548,0.21592926620668595,False,False,False,-0.07414983113163287
0000468,rule_3,fall_hazard,gamma,1.5,-,True,0.9978448057570661,0.00040000406901041666,False,False,False,0.018680447606318262
0000468,rule_3,fall_hazard,gamma,2.5,-,False,0.36036476134484563,0.10211527473551657,False,False,False,0.006993353428313309
0000468,rule_3,fall_hazard,gamma,4.0,-,False,0.29737384083380397,0.14237418630848075,False,False,False,0.022989037250000788
0000468,rule_3,fall_hazard,contrast,0.15,-,False,0.9758501202573575,0.002137762589725007,False,False,False,0.041717033008958015
0000468,rule_3,fall_hazard,contrast,0.3,-,False,0.9852737781145496,0.0012649142809066272,False,False,False,0.0295587764685592
0000468,rule_3,fall_hazard,contrast,0.5,-,False,0.9946970515571195,0.0005000020345217652,False,False,False,0.02272945219399225
0000468,rule_3,fall_hazard,occlude,0.1,center,False,0.17336729730276768,0.13398565710028054,False,False,False,-0.018044181434171636
0000468,rule_3,fall_hazard,occlude,0.1,random,False,0.32503482596808003,0.108011840969931,False,False,False,-0.014386627786960648
0000468,rule_3,fall_hazard,occlude,0.2,center,False,0.15558905112991708,0.1351516085938359,False,False,False,-0.0400652182953698
0000468,rule_3,fall_hazard,occlude,0.2,random,False,0.3529175140175213,0.10116486038263044,False,False,False,-0.02337768405056939
0000468,rule_3,fall_hazard,occlude,0.35,center,False,0.09219942254543372,0.14655322993543501,False,False,False,-0.027344045495348412
0000468,rule_3,fall_hazard,occlude,0.35,random,False,0.14551772439781105,0.13892474605749333,False,False,False,-0.021712524051378912
0000468,rule_3,fall_hazard,occlude_targeted,,object,False,0.005564352054354538,0.15961802991402016,False,False,False,-0.017283237539231777
0000469,rule_1,ppe_violation,blur,4.0,-,False,0.846153784846702,0.0019209385421758395,False,False,False,0.07346293877898946
0000469,rule_1,ppe_violation,blur,8.0,-,False,0.0,0.2678487798880789,False,False,False,0.05604613379442269
0000469,rule_1,ppe_violation,blur,16.0,-,False,0.008945745338326655,0.13630847431612667,False,False,False,0.07283714246226569
0000469,rule_1,ppe_violation,gamma,1.5,-,False,0.9786754272569067,0.0005000050862630208,False,False,False,0.022143150613244122
0000469,rule_1,ppe_violation,gamma,2.5,-,False,0.9521688912973839,0.0012649142809066272,False,False,False,-0.001072319557091972
0000469,rule_1,ppe_violation,gamma,4.0,-,False,0.9521688912973839,0.0012649142809066272,False,False,False,0.007771009047116584
0000469,rule_1,ppe_violation,contrast,0.15,-,True,0.9440144072720877,0.0015524283471086502,False,False,False,0.0025140420267625307
0000469,rule_1,ppe_violation,contrast,0.3,-,False,0.9642855088457061,0.001200007120768229,False,False,False,0.0055307138578168935
0000469,rule_1,ppe_violation,contrast,0.5,-,False,0.9582414847038659,0.0010000071207765075,False,False,False,0.0029630384274892396
0000469,rule_1,ppe_violation,occlude,0.1,center,False,0.0,0.26834521751532375,False,False,False,-0.05606353282928467
0000469,rule_1,ppe_violation,occlude,0.1,random,False,1.0,0.0,False,False,False,0.005844402326537157
0000469,rule_1,ppe_violation,occlude,0.2,center,False,0.0,0.2689241508786098,False,False,False,-0.09640301890405156
0000469,rule_1,ppe_violation,occlude,0.2,random,False,1.0,0.0,False,False,False,-0.04262697636815049
0000469,rule_1,ppe_violation,occlude,0.35,center,False,0.0,0.26900752976099995,False,False,False,-0.09028456592932343
0000469,rule_1,ppe_violation,occlude,0.35,random,False,0.0,0.300865152364355,False,False,False,-0.019263825844973326
0000469,rule_1,ppe_violation,occlude_targeted,,object,False,0.0,0.2616333212097665,False,False,False,-0.014747782942971965
0000471,rule_4,compliant,blur,4.0,-,False,0.9805730128857869,0.003899996243990699,False,False,False,-0.002591319914375001
0000471,rule_4,compliant,blur,8.0,-,False,0.9107632239043804,0.02488877587899373,False,False,False,0.11405135679339606
0000471,rule_4,compliant,blur,16.0,-,False,0.9582774732081275,0.0058249701111031576,False,False,False,0.06663180425935145
0000471,rule_4,compliant,gamma,1.5,-,False,0.9834184741768673,0.004399968465169271,False,False,False,0.005798358972819995
0000471,rule_4,compliant,gamma,2.5,-,False,0.9808674277852822,0.005199976603190104,False,False,False,0.023215128315819622
0000471,rule_4,compliant,gamma,4.0,-,False,0.9770409230737094,0.006399968465169271,False,False,False,0.09757660826047254
0000471,rule_4,compliant,contrast,0.15,-,False,0.9846939811537085,0.004799967447916667,False,False,False,0.010139438841078041
0000471,rule_4,compliant,contrast,0.3,-,False,0.9846939811537085,0.004799967447916667,False,False,False,0.002472714033155188
0000471,rule_4,compliant,contrast,0.5,-,False,1.0,0.0,False,False,False,0.000552972512585792
0000471,rule_4,compliant,occlude,0.1,center,False,0.9821429347621234,0.0055999755859375,False,False,False,-0.0034159566201861224
0000471,rule_4,compliant,occlude,0.1,random,False,0.8645545602927784,0.03199389889253602,False,False,False,0.0384190187508624
0000471,rule_4,compliant,occlude,0.2,center,False,0.9822970474673829,0.005208638562026127,False,False,False,-0.00912092342263171
0000471,rule_4,compliant,occlude,0.2,random,False,0.8752077276341945,0.03184022745572386,False,False,False,-0.01058066512147593
0000471,rule_4,compliant,occlude,0.35,center,False,0.9977195039878402,0.0005999984741210938,False,False,False,0.04123113455162164
0000471,rule_4,compliant,occlude,0.35,random,False,0.995043219787018,0.0012369288504059572,False,False,False,0.010488944867300565
0000471,rule_4,compliant,occlude_targeted,,object,False,0.00034503229631915487,0.40743815181797277,False,False,False,0.02832659073765309
0000478,rule_3,fall_hazard,blur,4.0,-,False,0.28503702394203684,0.16403952471100844,False,False,False,0.08129966666788924
0000478,rule_3,fall_hazard,blur,8.0,-,False,0.28503702394203684,0.16403952471100844,False,False,False,0.00740679120644927
0000478,rule_3,fall_hazard,blur,16.0,-,False,0.28503702394203684,0.16403952471100844,False,False,False,-0.19308173560307595
0000478,rule_3,fall_hazard,gamma,1.5,-,False,0.9917696030265843,0.0011999918619791667,False,False,False,-0.0049266211821564765
0000478,rule_3,fall_hazard,gamma,2.5,-,False,0.9760305938077328,0.003324142399020784,False,False,False,-0.016935948191011074
0000478,rule_3,fall_hazard,gamma,4.0,-,False,0.9813664461098337,0.0027000020345052085,False,False,False,-0.02089480290721568
0000478,rule_3,fall_hazard,contrast,0.15,-,False,0.9859210756260134,0.0018439077880984937,False,False,False,-0.02879775747922919
0000478,rule_3,fall_hazard,contrast,0.3,-,False,0.9962381974688894,0.0005000020345217652,False,False,False,-0.019615855284168204
0000478,rule_3,fall_hazard,contrast,0.5,-,False,0.9917696030265843,0.0011999918619791667,False,False,False,-0.01198468294127708
0000478,rule_3,fall_hazard,occlude,0.1,center,True,0.5509021014397589,0.09003871711792055,False,False,False,0.002399051196074864
0000478,rule_3,fall_hazard,occlude,0.1,random,False,0.9250338772207715,0.016424679727987033,False,False,False,-0.016643754988243553
0000478,rule_3,fall_hazard,occlude,0.2,center,True,0.44734022964251663,0.11389683780986197,False,False,False,0.010869602572971204
0000478,rule_3,fall_hazard,occlude,0.2,random,False,0.9197384846867678,0.016498487491839815,False,False,False,-0.014403798101868981
0000478,rule_3,fall_hazard,occlude,0.35,center,False,0.33932570061203743,0.14200651795378158,False,False,False,0.04089901486544739
0000478,rule_3,fall_hazard,occlude,0.35,random,True,0.10925092107587552,0.15673699038074707,False,False,False,-0.031542600598186255
0000478,rule_3,fall_hazard,occlude_targeted,,object,True,0.006661548563418528,0.17522694442923206,False,False,False,-0.04908911890483325
0000486,rule_4,compliant,blur,4.0,-,False,1.0,0.0,False,False,False,-0.06110704461755001
0000486,rule_4,compliant,blur,8.0,-,False,1.0,0.0,False,False,False,-0.16363540877188953
0000486,rule_4,compliant,blur,16.0,-,False,0.7014028002228881,0.08939999796946843,False,False,False,-0.10692756960079774
0000486,rule_4,compliant,gamma,1.5,-,False,1.0,0.0,False,False,False,-0.0020416205128034326
0000486,rule_4,compliant,gamma,2.5,-,False,1.0,0.0,False,False,False,-0.034499906717602835
0000486,rule_4,compliant,gamma,4.0,-,True,0.632326787646133,0.10109796844045528,False,True,True,-0.046368329966570365
0000486,rule_4,compliant,contrast,0.15,-,False,1.0,0.0,False,False,False,-0.03244703531286752
0000486,rule_4,compliant,contrast,0.3,-,False,1.0,0.0,False,False,False,-0.017568113413198083
0000486,rule_4,compliant,contrast,0.5,-,False,1.0,0.0,False,False,False,-0.025549519393179065
0000486,rule_4,compliant,occlude,0.1,center,False,1.0,0.0,False,False,False,-0.03102618449973682
0000486,rule_4,compliant,occlude,0.1,random,False,1.0,0.0,False,False,False,0.06435229674805376
0000486,rule_4,compliant,occlude,0.2,center,True,1.0,0.0,False,True,True,0.0015789447932235134
0000486,rule_4,compliant,occlude,0.2,random,False,1.0,0.0,False,False,False,0.03236202296262014
0000486,rule_4,compliant,occlude,0.35,center,True,1.0,0.0,False,True,True,0.015402470630058063
0000486,rule_4,compliant,occlude,0.35,random,False,0.5130260411248703,0.1944000162680944,False,False,False,0.0044526985240361805
0000486,rule_4,compliant,occlude_targeted,,object,False,1.0,0.0,False,False,False,0.017914802968611254
0000490,rule_4,struck_by_risk,blur,4.0,-,True,0.9484364598908316,0.0024083214501126387,False,False,False,0.002688449230932033
0000490,rule_4,struck_by_risk,blur,8.0,-,True,0.9463584141396894,0.003827536891479996,False,False,False,0.09300065945301739
0000490,rule_4,struck_by_risk,blur,16.0,-,False,0.9161991512965671,0.00737565211632148,False,False,False,-0.007491742764716536
0000490,rule_4,struck_by_risk,gamma,1.5,-,False,1.0,0.0,False,False,False,0.00872465152116042
0000490,rule_4,struck_by_risk,gamma,2.5,-,False,1.0,0.0,False,False,False,-0.0017308266981254095
0000490,rule_4,struck_by_risk,gamma,4.0,-,False,0.8371501878207334,0.019199991861979168,False,False,False,0.07029656722905142
0000490,rule_4,struck_by_risk,contrast,0.15,-,False,0.9859154223292231,0.0020000101725260416,False,False,False,0.051501789913764084
0000490,rule_4,struck_by_risk,contrast,0.3,-,False,0.9943502256633837,0.0008000081380208333,False,False,False,0.012533026791754165
0000490,rule_4,struck_by_risk,contrast,0.5,-,False,0.9943502256633837,0.0008000081380208333,False,False,False,0.01778866031340187
0000490,rule_4,struck_by_risk,occlude,0.1,center,False,0.39670410341861734,0.08983542823779049,False,False,False,0.06665844624004669
0000490,rule_4,struck_by_risk,occlude,0.1,random,False,0.996960506997863,0.0002999979654947917,False,False,False,0.001226186870582513
0000490,rule_4,struck_by_risk,occlude,0.2,center,False,0.0,0.2927369648402869,False,False,False,-0.06532735771912368
0000490,rule_4,struck_by_risk,occlude,0.2,random,False,0.8951682308905863,0.009932255068993118,False,False,False,0.07486408108319997
0000490,rule_4,struck_by_risk,occlude,0.35,center,False,0.0,0.2954329932882489,False,False,False,-0.0735865301783486
0000490,rule_4,struck_by_risk,occlude,0.35,random,True,0.209390426449984,0.10952259260543327,False,False,False,0.024878286298305352
0000490,rule_4,struck_by_risk,occlude_targeted,,object,False,0.0,0.2926811584676279,False,False,False,-0.06713867070146529
0000503,rule_3,compliant,blur,4.0,-,False,0.0,0.33754503137429154,False,False,False,-0.025479181470083212
0000503,rule_3,compliant,blur,8.0,-,False,0.0,0.3370747697239091,False,False,False,-0.04812149877672067
0000503,rule_3,compliant,blur,16.0,-,False,0.0,0.33912512159320807,False,False,False,-0.024485913619350708
0000503,rule_3,compliant,gamma,1.5,-,False,0.9740261455983781,0.0005999959309895834,False,False,False,-0.0004878840409219265
0000503,rule_3,compliant,gamma,2.5,-,False,0.8947371004104258,0.002399993896484375,False,False,False,-0.002233144161956524
0000503,rule_3,compliant,gamma,4.0,-,False,0.8831172148235309,0.0026999918619791665,False,False,False,0.005581968996141717
0000503,rule_3,compliant,contrast,0.15,-,False,0.8571429200527386,0.0032999979654947916,False,False,False,0.011458159490887687
0000503,rule_3,compliant,contrast,0.3,-,False,0.9639932707507871,0.0011999918620222837,False,False,False,0.008989784933094547
0000503,rule_3,compliant,contrast,0.5,-,False,0.96742388655897,0.0007999877930334261,False,False,False,0.0062684545160405225
0000503,rule_3,compliant,occlude,0.1,center,False,0.9669354586458276,0.00079998779296875,False,False,False,0.01705154137951992
0000503,rule_3,compliant,occlude,0.1,random,False,0.6415771132052495,0.04,False,False,False,0.017104003179286287
0000503,rule_3,compliant,occlude,0.2,center,True,0.950707072908755,0.001499995931011659,False,False,False,0.015154345094093302
0000503,rule_3,compliant,occlude,0.2,random,True,0.23365025847740833,0.08519999186197977,False,False,False,-0.012084429484925052
0000503,rule_3,compliant,occlude,0.35,center,True,0.2444893229643641,0.02265569783810389,False,False,False,0.0021808109512286844
0000503,rule_3,compliant,occlude,0.35,random,False,0.0,0.1828272572280036,False,False,False,0.06300495205713175
0000503,rule_3,compliant,occlude_targeted,,object,False,0.0,0.3788475440593644,False,False,False,0.034968655356871325
0000514,rule_1,compliant,blur,4.0,-,False,0.7293398989149463,0.002563202790450979,False,False,False,0.044525811714785535
0000514,rule_1,compliant,blur,8.0,-,False,0.6321842529789039,0.0020000000000064675,False,False,False,0.07878729780869831
0000514,rule_1,compliant,blur,16.0,-,False,0.006184717191754245,0.20729110202297155,False,False,False,0.0742286420578453
0000514,rule_1,compliant,gamma,1.5,-,False,0.9610637779438446,0.0008543977552035235,False,False,False,0.009453649765678862
0000514,rule_1,compliant,gamma,2.5,-,False,0.9610637779438446,0.0008543977552035235,False,False,False,-0.0038730643157447453
0000514,rule_1,compliant,gamma,4.0,-,False,0.9505324694511041,0.0007999979654947916,False,False,False,-0.0045318257595811096
0000514,rule_1,compliant,contrast,0.15,-,False,0.9271646089849384,0.0012369331680077357,False,False,False,0.006798346659966925
0000514,rule_1,compliant,contrast,0.3,-,False,0.9373264230791327,0.0012000020345052083,False,False,False,0.009090681427291525
0000514,rule_1,compliant,contrast,0.5,-,False,0.9610637779438446,0.0008543977552035235,False,False,False,0.013866796823484684
0000514,rule_1,compliant,occlude,0.1,center,False,1.0,0.0,False,False,False,-0.006484154611825943
0000514,rule_1,compliant,occlude,0.1,random,False,0.9887641219986765,0.0002999979654947917,False,False,False,-0.037231141701340675
0000514,rule_1,compliant,occlude,0.2,center,False,0.6463021023508739,0.00771751777234387,False,False,False,-0.004393319599330425
0000514,rule_1,compliant,occlude,0.2,random,False,1.0,0.0,False,False,False,-0.04021893122366493
0000514,rule_1,compliant,occlude,0.35,center,True,0.0,0.3802088160982153,False,False,False,0.01768422026985461
0000514,rule_1,compliant,occlude,0.35,random,False,0.0,0.25419776028322577,False,True,False,-0.016217527685912003
0000514,rule_1,compliant,occlude_targeted,,object,True,0.0,0.2513558778114893,False,False,False,0.02711863709347595
0000530,rule_4,compliant,blur,4.0,-,False,0.014408576672382841,0.24573410426719364,False,False,False,-0.134491750525342
0000530,rule_4,compliant,blur,8.0,-,False,0.014408576672382841,0.24573410426719364,False,False,False,-0.35478657485129683
0000530,rule_4,compliant,blur,16.0,-,False,0.014408576672382841,0.24573410426719364,False,False,False,-0.30926394177678695
0000530,rule_4,compliant,gamma,1.5,-,False,1.0,0.0,False,False,False,-0.0029165141639255765
0000530,rule_4,compliant,gamma,2.5,-,False,0.9911504424778761,0.00035355339059327376,False,False,False,-0.006901375358066897
0000530,rule_4,compliant,gamma,4.0,-,False,0.9747875941148028,0.0007905694150420948,False,False,False,-0.03336065995787818
0000530,rule_4,compliant,contrast,0.15,-,False,0.9748475087382633,0.0007905694150420948,False,False,False,-0.09066075654256922
0000530,rule_4,compliant,contrast,0.3,-,False,0.9824561403508771,0.0007071067811865475,False,False,False,-0.03882541814966811
0000530,rule_4,compliant,contrast,0.5,-,False,1.0,0.0,False,False,False,-0.02111187080542254
0000530,rule_4,compliant,occlude,0.1,center,False,1.0,0.0,False,False,False,-0.0245510013330551
0000530,rule_4,compliant,occlude,0.1,random,False,1.0,0.0,False,False,False,-0.01949506335788309
0000530,rule_4,compliant,occlude,0.2,center,False,1.0,0.0,False,False,False,-0.0275952909437438
0000530,rule_4,compliant,occlude,0.2,random,False,1.0,0.0,False,False,False,-0.027966853290323224
0000530,rule_4,compliant,occlude,0.35,center,False,0.040506364842360774,0.1318507679158525,False,False,False,-0.1025930504486311
0000530,rule_4,compliant,occlude,0.35,random,False,0.7897176861334071,0.00919918474648705,False,False,False,-0.021345152150070934
0000530,rule_4,compliant,occlude_targeted,,object,False,0.005396433795504646,0.31630404676513385,False,False,False,-0.18031574067033107
0000545,rule_1,ppe_violation,blur,4.0,-,False,0.8274843337857257,0.0015523988599849465,False,False,False,-0.006494613231292745
0000545,rule_1,ppe_violation,blur,8.0,-,False,0.7988550051952389,0.003395585309364105,False,False,False,0.030868607440165063
0000545,rule_1,ppe_violation,blur,16.0,-,False,0.7633384279033874,0.0029410941138787146,False,False,False,0.06834493923400131
0000545,rule_1,ppe_violation,gamma,1.5,-,False,0.9893621338498957,0.00039998372395833335,False,False,False,-0.0021774631791880994
0000545,rule_1,ppe_violation,gamma,2.5,-,False,0.9789476896587171,2.0345052083333333e-08,False,False,False,-0.014506313284592953
0000545,rule_1,ppe_violation,gamma,4.0,-,False,0.9699668814037147,0.0008543846585872625,False,False,False,-0.03466208664966486
0000545,rule_1,ppe_violation,contrast,0.15,-,False,0.971373327805713,0.0007211091265744367,False,False,False,0.015237451264900836
0000545,rule_1,ppe_violation,contrast,0.3,-,False,0.9908260590939917,0.00029998779296875,False,False,False,0.013672866991588095
0000545,rule_1,ppe_violation,contrast,0.5,-,False,0.9908260590939917,0.00029998779296875,False,False,False,0.014256901639912778
0000545,rule_1,ppe_violation,occlude,0.1,center,False,0.9787237266079222,0.00079998779296875,False,False,False,-0.008092963668916986
0000545,rule_1,ppe_violation,occlude,0.1,random,False,1.0,0.0,False,False,False,0.0012995583404388222
0000545,rule_1,ppe_violation,occlude,0.2,center,False,0.6498404320571528,0.012803523468806479,False,False,False,-0.019666621860648936
0000545,rule_1,ppe_violation,occlude,0.2,random,False,0.953703709517904,0.0015,False,False,False,0.01730851044080084
0000545,rule_1,ppe_violation,occlude,0.35,center,True,0.0,0.5145932351079013,False,False,False,0.061526986969901
0000545,rule_1,ppe_violation,occlude,0.35,random,False,0.9787237266079222,0.00079998779296875,False,False,False,-0.033276744053832075
0000545,rule_1,ppe_violation,occlude_targeted,,object,True,0.0,0.29366131777490195,False,False,False,0.041824343747326354
0000550,rule_3,fall_hazard,blur,4.0,-,True,0.11477993187281597,0.3341937515943959,False,False,False,-0.08808087193894942
0000550,rule_3,fall_hazard,blur,8.0,-,True,0.11307948835224188,0.3348824623543755,False,False,False,-0.08134562415736057
0000550,rule_3,fall_hazard,blur,16.0,-,True,0.07648161714874589,0.3697437118961517,False,False,False,-0.12088735734547984
0000550,rule_3,fall_hazard,gamma,1.5,-,False,1.0,0.0,False,False,False,-0.0030593162934694496
0000550,rule_3,fall_hazard,gamma,2.5,-,False,0.9975902960801541,0.00030000813802083336,False,False,False,0.009665913513994706
0000550,rule_3,fall_hazard,gamma,4.0,-,False,0.9945652314374323,0.0003999989827473958,False,False,False,0.02300269614040329
0000550,rule_3,fall_hazard,contrast,0.15,-,False,0.9951691145708259,0.0005999959309895834,False,False,False,-0.008106240387340646
0000550,rule_3,fall_hazard,contrast,0.3,-,False,1.0,0.0,False,False,False,-0.019965479815644782
0000550,rule_3,fall_hazard,contrast,0.5,-,False,1.0,0.0,False,False,False,-0.010839950725702208
0000550,rule_3,fall_hazard,occlude,0.1,center,False,1.0,0.0,False,False,False,-0.0017910771836925354
0000550,rule_3,fall_hazard,occlude,0.1,random,False,1.0,0.0,False,False,False,0.0031229950920014238
0000550,rule_3,fall_hazard,occlude,0.2,center,False,0.9921628346357045,0.0005000040690611216,False,False,False,0.01760873112029271
0000550,rule_3,fall_hazard,occlude,0.2,random,False,0.9945652314374323,0.0003999989827473958,False,False,False,0.013139981926152844
0000550,rule_3,fall_hazard,occlude,0.35,center,True,0.986741193890398,0.0008544013270556953,False,False,False,-0.02296939056499725
0000550,rule_3,fall_hazard,occlude,0.35,random,False,0.8538647109842735,0.009676778256987187,False,False,False,0.010232656013353658
0000550,rule_3,fall_hazard,occlude_targeted,,object,True,0.0,0.3793323212764864,False,False,False,0.028615950224256004
0000551,rule_4,compliant,blur,4.0,-,True,0.9520495875993887,0.004560699023847525,False,False,False,0.058569199789862525
0000551,rule_4,compliant,blur,8.0,-,True,0.2252942880461274,0.1801817042685034,False,False,False,0.11174724168537109
0000551,rule_4,compliant,blur,16.0,-,True,0.2252942880461274,0.1801817042685034,False,False,False,-0.10641807015976568
0000551,rule_4,compliant,gamma,1.5,-,False,0.9966554659269568,0.00030000474717881945,False,False,False,-0.02925443018166074
0000551,rule_4,compliant,gamma,2.5,-,False,0.990033253156008,0.0008999972873263888,False,False,False,-0.030711870574067435
0000551,rule_4,compliant,gamma,4.0,-,False,0.9834982778143658,0.0015000067816840277,False,False,False,-0.014394825435856462
0000551,rule_4,compliant,contrast,0.15,-,True,0.992015939948024,0.000721113829049486,False,False,False,0.016997054360252006
0000551,rule_4,compliant,contrast,0.3,-,True,0.9887203395865143,0.0005000169542560592,False,False,False,0.010757921375015855
0000551,rule_4,compliant,contrast,0.5,-,False,0.992015939948024,0.0004000176327377629,False,False,False,-0.027115546244420474
0000551,rule_4,compliant,occlude,0.1,center,False,0.9932884849631909,0.0,False,False,False,0.021470548409936785
0000551,rule_4,compliant,occlude,0.1,random,False,,,True,False,False,-0.04622139296470551
0000551,rule_4,compliant,occlude,0.2,center,False,0.9966442424815957,0.00030000474717881945,False,False,False,0.02251912889062857
0000551,rule_4,compliant,occlude,0.2,random,False,0.9161071999062397,0.006900007459852431,False,False,False,0.007729196395629523
0000551,rule_4,compliant,occlude,0.35,center,False,0.3231815803068027,0.20320089122813753,False,False,False,-0.007334919503101944
0000551,rule_4,compliant,occlude,0.35,random,False,,,True,False,False,-0.05935387290441074
0000551,rule_4,compliant,occlude_targeted,,object,False,,,True,False,False,0.0006798883279164336
0000559,rule_4,compliant,blur,4.0,-,False,0.9397870609965028,0.0012649110640837135,False,False,False,0.07454809587862754
0000559,rule_4,compliant,blur,8.0,-,False,0.9499358805919694,0.003500008138049808,False,False,False,0.11422906727308302
0000559,rule_4,compliant,blur,16.0,-,False,0.1474893545488623,0.06503415050165148,False,False,False,0.19023247897928475
0000559,rule_4,compliant,gamma,1.5,-,False,1.0,0.0,False,False,False,0.0043774270822130035
0000559,rule_4,compliant,gamma,2.5,-,False,0.988152851187248,0.0012649287566618914,False,False,False,0.01722495730907192
0000559,rule_4,compliant,gamma,4.0,-,False,0.9730254163294424,0.002683292946264322,False,False,False,0.053205860512597125
0000559,rule_4,compliant,contrast,0.15,-,False,0.9903275659154667,0.0009848957989558574,False,False,False,0.03736862008060715
0000559,rule_4,compliant,contrast,0.3,-,False,0.9925282790809101,0.0007211218226378093,False,False,False,0.023684713339048646
0000559,rule_4,compliant,contrast,0.5,-,False,0.995584906591097,0.0006000111897786458,False,False,False,0.015334525988215386
0000559,rule_4,compliant,occlude,0.1,center,False,0.7261538774539262,0.035599995930989586,False,False,False,0.05588763668423602
0000559,rule_4,compliant,occlude,0.1,random,False,0.9969230456229968,0.00040000406901041666,False,False,False,0.009986541810489746
0000559,rule_4,compliant,occlude,0.2,center,True,0.0,0.3698411747549514,False,True,True,0.0005998292048625675
0000559,rule_4,compliant,occlude,0.2,random,False,0.8702246492250584,0.01513274460598603,False,False,False,0.0460413730451984
0000559,rule_4,compliant,occlude,0.35,center,True,0.0,0.3698411747549514,False,False,False,0.02135425629105603
0000559,rule_4,compliant,occlude,0.35,random,False,0.16748185508476257,0.131014534794166,False,False,False,0.10026209553082777
0000559,rule_4,compliant,occlude_targeted,,object,True,0.0,0.3698411747549514,False,False,False,0.047984019035566705
0000568,rule_1,compliant,blur,4.0,-,False,0.0,0.11005165573336588,False,False,False,0.030968817150486383
0000568,rule_1,compliant,blur,8.0,-,False,0.0,0.10957304459971877,False,False,False,0.059572004912687215
0000568,rule_1,compliant,blur,16.0,-,False,0.0031395453760591943,0.17449817473030185,False,False,False,-0.2376443123045776
0000568,rule_1,compliant,gamma,1.5,-,False,0.9645028031004691,0.0004999971389997883,False,False,False,-0.010574727718319132
0000568,rule_1,compliant,gamma,2.5,-,False,0.9645028031004691,0.0004999971389997883,False,False,False,-0.00940421210335829
0000568,rule_1,compliant,gamma,4.0,-,True,0.0,0.31163697396603857,False,False,False,-0.020619450536157324
0000568,rule_1,compliant,contrast,0.15,-,False,0.9651495734916374,0.0004999935626983643,False,False,False,0.008503050077706575
0000568,rule_1,compliant,contrast,0.3,-,False,0.9651495734916374,0.0004999935626983643,False,False,False,-0.004764705763331434
0000568,rule_1,compliant,contrast,0.5,-,True,0.983051061493319,0.0003999948501586914,False,False,False,0.01397362963429527
0000568,rule_1,compliant,occlude,0.1,center,True,0.9645028031004691,0.0004999971389997883,False,False,False,0.030500209890305996
0000568,rule_1,compliant,occlude,0.1,random,False,1.0,0.0,False,False,False,-0.01650480340634075
0000568,rule_1,compliant,occlude,0.2,center,True,0.9459545447076192,0.0003999948501586914,False,False,False,0.0004215185929622445
0000568,rule_1,compliant,occlude,0.2,random,False,0.0,0.11024410223481577,False,False,False,-0.009752122020082798
0000568,rule_1,compliant,occlude,0.35,center,False,0.0,0.2750568293784611,False,False,False,-0.04884982175592867
0000568,rule_1,compliant,occlude,0.35,random,False,0.0,0.3116144469133976,False,False,False,-0.018997651524841785
0000568,rule_1,compliant,occlude_targeted,,object,False,0.0,0.11030979961191575,False,False,False,0.02477519194196376
0000606,rule_3,fall_hazard,blur,4.0,-,False,0.9941290992586943,0.00120001220703125,False,False,False,0.04521770858471952
0000606,rule_3,fall_hazard,blur,8.0,-,False,0.6505941543781977,0.09856089488230106,False,False,False,0.04922887930713071
0000606,rule_3,fall_hazard,blur,16.0,-,False,0.34376567371701255,0.2187780774781095,False,False,False,0.0407735532204101
0000606,rule_3,fall_hazard,gamma,1.5,-,False,1.0,0.0,False,False,False,0.007889774062537769
0000606,rule_3,fall_hazard,gamma,2.5,-,False,0.7362829779611345,0.05898475662128344,False,False,False,0.05328423570331542
0000606,rule_3,fall_hazard,gamma,4.0,-,False,0.7217545918783953,0.06974476127175194,False,False,False,0.09793907091287635
0000606,rule_3,fall_hazard,contrast,0.15,-,False,1.0,0.0,False,False,False,0.01584929788285605
0000606,rule_3,fall_hazard,contrast,0.3,-,False,0.9970414400044143,0.0005999959309895834,False,False,False,0.01343504020145958
0000606,rule_3,fall_hazard,contrast,0.5,-,False,0.9985185284910363,0.0002999979654947917,False,False,False,0.011569726280868053
0000606,rule_3,fall_hazard,occlude,0.1,center,False,0.5745227770304586,0.06996370236370825,False,False,False,0.003190975469936186
0000606,rule_3,fall_hazard,occlude,0.1,random,False,0.9940945283563156,0.0011999918619791667,False,False,False,0.008198963943868876
0000606,rule_3,fall_hazard,occlude,0.2,center,True,0.4602619310065778,0.09357777274763956,False,False,False,-0.0009033019055745273
0000606,rule_3,fall_hazard,occlude,0.2,random,False,0.9921260044339921,0.0015999959309895833,False,False,False,0.00336471186684717
0000606,rule_3,fall_hazard,occlude,0.35,center,True,0.34846024868234227,0.11915506621323581,False,False,False,0.0755524435413204
0000606,rule_3,fall_hazard,occlude,0.35,random,True,0.43821116784983105,0.09690345718205644,False,False,False,0.07809300624233273
0000606,rule_3,fall_hazard,occlude_targeted,,object,False,0.0,0.3389273980722939,False,False,False,0.043817055245329195
0000613,rule_4,compliant,blur,4.0,-,True,0.931977225798067,0.006324555320336759,False,False,False,0.08977597150314831
0000613,rule_4,compliant,blur,8.0,-,True,0.9062197836767358,0.00903547021946426,False,False,False,0.11540036932002384
0000613,rule_4,compliant,blur,16.0,-,True,0.7622793156610022,0.013242372694142942,False,False,False,0.07466469753009686
0000613,rule_4,compliant,gamma,1.5,-,False,0.988714782319309,0.000999995930991653,False,False,False,0.03405418477825117
0000613,rule_4,compliant,gamma,2.5,-,True,0.9367178043325599,0.007623653185361911,False,False,False,0.07693651396558332
0000613,rule_4,compliant,gamma,4.0,-,True,0.9302997577486337,0.0077466181507464755,False,False,False,0.08972377295722966
0000613,rule_4,compliant,contrast,0.15,-,True,0.9855329803583123,0.0011999918620222837,False,False,False,0.09104856790722293
0000613,rule_4,compliant,contrast,0.3,-,True,0.9878666645205938,0.0012369356352273818,False,False,False,0.08204101322853308
0000613,rule_4,compliant,contrast,0.5,-,True,0.9910950449267016,0.0008544013270556953,False,False,False,0.06963390361413047
0000613,rule_4,compliant,occlude,0.1,center,True,0.6822267500370754,0.032643518376431174,False,False,False,0.048717599314374804
0000613,rule_4,compliant,occlude,0.1,random,False,0.9868852792541838,0.0015999959309895833,False,False,False,0.03781233134114337
0000613,rule_4,compliant,occlude,0.2,center,False,0.40500065272413427,0.06292217098318419,False,False,False,0.03794964385402
0000613,rule_4,compliant,occlude,0.2,random,False,0.8661400127559088,0.013473307306140365,False,False,False,0.04807929822012902
0000613,rule_4,compliant,occlude,0.35,center,True,0.354987681003029,0.0728494389379962,False,False,False,0.03310884880488152
0000613,rule_4,compliant,occlude,0.35,random,True,0.3561886111803726,0.07448226769977688,False,False,False,0.033514812729077526
0000613,rule_4,compliant,occlude_targeted,,object,True,0.9538539690599795,0.0015000152588235554,False,False,False,-0.06969444436204231
0000620,rule_2,compliant,blur,4.0,-,True,,,False,False,False,0.08408783397981501
0000620,rule_2,compliant,blur,8.0,-,True,,,False,False,False,0.11007619728035378
0000620,rule_2,compliant,blur,16.0,-,True,,,False,False,False,0.07878956539213167
0000620,rule_2,compliant,gamma,1.5,-,False,,,False,False,False,0.021479118240724127
0000620,rule_2,compliant,gamma,2.5,-,False,,,False,False,False,0.056004584535539914
0000620,rule_2,compliant,gamma,4.0,-,True,,,False,False,False,0.07491861144225376
0000620,rule_2,compliant,contrast,0.15,-,True,,,False,False,False,0.08150225235959119
0000620,rule_2,compliant,contrast,0.3,-,False,,,False,False,False,0.05653398859991432
0000620,rule_2,compliant,contrast,0.5,-,False,,,False,False,False,-0.013636489978128608
0000620,rule_2,compliant,occlude,0.1,center,False,,,False,False,False,-0.008865679440707375
0000620,rule_2,compliant,occlude,0.1,random,False,,,False,False,False,0.003396393337882886
0000620,rule_2,compliant,occlude,0.2,center,False,,,False,False,False,0.019367352961013107
0000620,rule_2,compliant,occlude,0.2,random,False,,,False,False,False,-0.00550508806308414
0000620,rule_2,compliant,occlude,0.35,center,False,,,False,False,False,-0.007543307520374354
0000620,rule_2,compliant,occlude,0.35,random,False,,,False,False,False,0.030302008924978252
0000623,rule_1,ppe_violation,blur,4.0,-,False,0.7623492091836171,0.0014999895095873703,False,False,False,0.017542107629456738
0000623,rule_1,ppe_violation,blur,8.0,-,False,0.6554720506731516,0.0015999984741210938,False,False,False,0.02359824993514592
0000623,rule_1,ppe_violation,blur,16.0,-,False,0.0030371377379870453,0.2361110159791689,False,False,False,-0.10762017619195374
0000623,rule_1,ppe_violation,gamma,1.5,-,False,1.0,0.0,False,False,False,0.004312298061060149
0000623,rule_1,ppe_violation,gamma,2.5,-,False,1.0,0.0,False,False,False,0.014223155898175133
0000623,rule_1,ppe_violation,gamma,4.0,-,False,0.9473688709518765,0.0007211042773988225,False,False,False,0.0005029839064394359
0000623,rule_1,ppe_violation,contrast,0.15,-,False,0.9645986517095624,0.0005000057221041054,False,False,False,0.0005134754548115072
0000623,rule_1,ppe_violation,contrast,0.3,-,False,0.9285951223356533,0.0009999990463256836,False,False,False,-0.0003674984909594059
0000623,rule_1,ppe_violation,contrast,0.5,-,False,0.9639664159442871,0.0005000085830833993,False,False,False,0.007245990514223033
0000623,rule_1,ppe_violation,occlude,0.1,center,False,1.0,0.0,False,False,False,0.0009625284666461287
0000623,rule_1,ppe_violation,occlude,0.1,random,False,0.0,0.1653984437692864,False,False,False,-0.024523778752024716
0000623,rule_1,ppe_violation,occlude,0.2,center,False,0.9476821633748947,0.0007211042773988225,False,False,False,0.005568609473162511
0000623,rule_1,ppe_violation,occlude,0.2,random,False,0.0,0.1653984437692864,False,False,False,-0.022995308839849016
0000623,rule_1,ppe_violation,occlude,0.35,center,False,0.0,0.24248069939318662,False,False,False,-0.02931501184191021
0000623,rule_1,ppe_violation,occlude,0.35,random,False,0.9476821633748947,0.0007211042773988225,False,False,False,-0.09439460254673437
0000623,rule_1,ppe_violation,occlude_targeted,,object,False,0.6265538162791203,0.0031240944488964153,False,False,False,-0.04701257317460006
0000625,rule_3,compliant,blur,4.0,-,False,1.0,0.0,False,False,False,-0.035089058402393514
0000625,rule_3,compliant,blur,8.0,-,False,1.0,0.0,False,False,False,0.016851700682725235
0000625,rule_3,compliant,blur,16.0,-,False,1.0,0.0,False,False,False,-0.12719981975901828
0000625,rule_3,compliant,gamma,1.5,-,False,1.0,0.0,False,False,False,-0.027241142954499975
0000625,rule_3,compliant,gamma,2.5,-,False,1.0,0.0,False,False,False,-0.07274387994160258
0000625,rule_3,compliant,gamma,4.0,-,False,1.0,0.0,False,False,False,-0.09900259390650767
0000625,rule_3,compliant,contrast,0.15,-,False,1.0,0.0,False,False,False,-0.07922667890254942
0000625,rule_3,compliant,contrast,0.3,-,False,1.0,0.0,False,False,False,-0.06634747729237589
0000625,rule_3,compliant,contrast,0.5,-,False,1.0,0.0,False,False,False,-0.047180759720504284
0000625,rule_3,compliant,occlude,0.1,center,False,1.0,0.0,False,False,False,-0.028066718640426758
0000625,rule_3,compliant,occlude,0.1,random,False,1.0,0.0,False,False,False,0.0006867158670155749
0000625,rule_3,compliant,occlude,0.2,center,True,,,True,False,False,-0.048787601935189384
0000625,rule_3,compliant,occlude,0.2,random,True,,,True,False,False,-0.0628597853882682
0000625,rule_3,compliant,occlude,0.35,center,True,0.2785571200316205,0.3137671900449112,False,False,False,-0.012212457002273636
0000625,rule_3,compliant,occlude,0.35,random,True,0.435871782816213,0.24534849597318123,False,False,False,-0.06250486004033262
0000625,rule_3,compliant,occlude_targeted,,object,True,,,True,False,False,-0.2319158412983794
0000626,rule_3,fall_hazard,blur,4.0,-,False,0.8670235451870285,0.00816089128002927,False,False,False,0.030198891879990697
0000626,rule_3,fall_hazard,blur,8.0,-,True,0.08878590448542772,0.3194829844054703,False,False,False,-0.1429004076741297
0000626,rule_3,fall_hazard,blur,16.0,-,True,0.06405395874191586,0.2895769649278307,False,False,False,-0.18520377574940072
0000626,rule_3,fall_hazard,gamma,1.5,-,True,0.0,0.364714156878901,False,False,False,-0.045463280053809285
0000626,rule_3,fall_hazard,gamma,2.5,-,True,0.0,0.364714156878901,False,False,False,-0.022987086680673396
0000626,rule_3,fall_hazard,gamma,4.0,-,True,0.0,0.46024240183742804,False,False,False,-0.012927191465028631
0000626,rule_3,fall_hazard,contrast,0.15,-,False,0.8514373886587352,0.0084291187395036,False,False,False,0.006290350841092196
0000626,rule_3,fall_hazard,contrast,0.3,-,False,0.8878648491852505,0.006609839208728039,False,False,False,-0.004386677739343536
0000626,rule_3,fall_hazard,contrast,0.5,-,False,0.9032258316548404,0.006299997965494792,False,False,False,-0.00829348553504261
0000626,rule_3,fall_hazard,occlude,0.1,center,False,0.9953917360330897,0.0002999979654947917,False,False,False,-0.057316358434036374
0000626,rule_3,fall_hazard,occlude,0.1,random,True,0.0,0.47196019733369543,False,False,False,-0.03972329285794074
0000626,rule_3,fall_hazard,occlude,0.2,center,False,0.9596519059609272,0.0044102091864673225,False,False,False,-0.06927230960822528
0000626,rule_3,fall_hazard,occlude,0.2,random,False,0.8940093037210197,0.005700002034505209,False,False,False,-0.05299184411498059
0000626,rule_3,fall_hazard,occlude,0.35,center,True,0.7304931489769019,0.02088061594087722,False,True,True,-0.1318536998990636
0000626,rule_3,fall_hazard,occlude,0.35,random,False,0.2980030793815029,0.07905144436453915,False,False,False,-0.059870002990854654
0000626,rule_3,fall_hazard,occlude_targeted,,object,True,0.0,0.3640212233897368,False,False,False,-0.04654892803435873
0000632,rule_3,compliant,blur,4.0,-,False,0.39579155099727054,0.16724211550788012,False,False,False,0.061682733163858416
0000632,rule_3,compliant,blur,8.0,-,False,0.39579155099727054,0.16724211550788012,False,False,False,0.10981023211729635
0000632,rule_3,compliant,blur,16.0,-,False,0.39579155099727054,0.16724211550788012,False,False,False,-0.025549142237438316
0000632,rule_3,compliant,gamma,1.5,-,False,1.0,0.0,False,False,False,-0.012071477033064881
0000632,rule_3,compliant,gamma,2.5,-,False,1.0,0.0,False,False,False,-0.011782533605583012
0000632,rule_3,compliant,gamma,4.0,-,False,1.0,0.0,False,False,False,-0.01779379000488146
0000632,rule_3,compliant,contrast,0.15,-,False,0.9541062407990005,0.005269656096166321,False,False,False,0.004374133123617119
0000632,rule_3,compliant,contrast,0.3,-,False,1.0,0.0,False,False,False,0.006364845471190539
0000632,rule_3,compliant,contrast,0.5,-,False,1.0,0.0,False,False,False,0.007376607989759254
0000632,rule_3,compliant,occlude,0.1,center,False,0.9898734746883222,0.001109394044410493,False,False,False,0.03527525687102395
0000632,rule_3,compliant,occlude,0.1,random,False,1.0,0.0,False,False,False,7.171885642620612e-05
0000632,rule_3,compliant,occlude,0.2,center,False,1.0,0.0,False,False,False,-0.013883435267156852
0000632,rule_3,compliant,occlude,0.2,random,False,0.9705159495597632,0.0033282032933646967,False,False,False,-0.00646956218406558
0000632,rule_3,compliant,occlude,0.35,center,True,0.09605452024916779,0.37766034696177453,False,False,False,0.020224575768224895
0000632,rule_3,compliant,occlude,0.35,random,False,0.9215190183923475,0.008597848809464409,False,False,False,0.045049623963201224
0000632,rule_3,compliant,occlude_targeted,,object,False,0.023752969982046457,0.11399088609225794,False,False,False,-0.024172993277066568
0000641,rule_1,ppe_violation,blur,4.0,-,False,0.0,0.7399769864793405,False,False,False,-0.01188014113864333
0000641,rule_1,ppe_violation,blur,8.0,-,False,0.0,0.5617381831798112,False,False,False,-0.03835480839812322
0000641,rule_1,ppe_violation,blur,16.0,-,True,0.012927660602388476,0.3189469488894894,False,False,False,-0.11012055488400052
0000641,rule_1,ppe_violation,gamma,1.5,-,False,1.0,0.0,False,False,False,-0.0008816995791025573
0000641,rule_1,ppe_violation,gamma,2.5,-,False,1.0,0.0,False,False,False,-0.029589048320693534
0000641,rule_1,ppe_violation,gamma,4.0,-,False,1.0,0.0,False,False,False,-0.009072667719530081
0000641,rule_1,ppe_violation,contrast,0.15,-,True,0.9643877035959355,0.0010000281330088834,False,False,False,0.13312358462384777
0000641,rule_1,ppe_violation,contrast,0.3,-,False,0.9643877035959355,0.0010000281330088834,False,False,False,0.12548088611635788
0000641,rule_1,ppe_violation,contrast,0.5,-,False,0.9643877035959355,0.0010000281330088834,False,False,False,0.06615388731930472
0000641,rule_1,ppe_violation,occlude,0.1,center,False,1.0,0.0,False,False,False,0.03171851036271889
0000641,rule_1,ppe_violation,occlude,0.1,random,False,1.0,0.0,False,False,False,0.0456548339321412
0000641,rule_1,ppe_violation,occlude,0.2,center,True,0.9772719259764032,0.0008716065685615196,False,False,False,0.024879909220284713
0000641,rule_1,ppe_violation,occlude,0.2,random,True,0.0,0.5619369578300241,False,False,False,0.09958609778966226
0000641,rule_1,ppe_violation,occlude,0.35,center,True,0.9772719259764032,0.0008716065685615196,False,False,False,-0.006689239792259549
0000641,rule_1,ppe_violation,occlude,0.35,random,True,0.0,0.4965006039725335,False,False,False,0.03538510401721129
0000641,rule_1,ppe_violation,occlude_targeted,,object,True,0.0,0.49604148921143826,False,False,False,-0.03167820229594187
0000642,rule_2,compliant,blur,4.0,-,False,0.04249908428833138,0.0642022432645008,False,False,False,0.02890743577985888
0000642,rule_2,compliant,blur,8.0,-,False,0.013118425402575518,0.09666148585982502,False,False,False,-0.09827088539637785
0000642,rule_2,compliant,blur,16.0,-,False,0.013118425402575518,0.09666148585982502,False,False,False,-0.16008561955829403
0000642,rule_2,compliant,gamma,1.5,-,False,0.19485684894913452,0.05166615644993577,False,False,False,-0.01622959692031145
0000642,rule_2,compliant,gamma,2.5,-,False,0.041376002712096495,0.05783059378494316,False,False,False,-0.003945956256107608
0000642,rule_2,compliant,gamma,4.0,-,False,0.01861937669498903,0.06063054648130998,False,False,False,0.026389115656326956
0000642,rule_2,compliant,contrast,0.15,-,False,0.6845878156559407,0.021547203764461797,False,False,False,0.030909093163375312
0000642,rule_2,compliant,contrast,0.3,-,False,0.6906475294697854,0.021057491942330465,False,False,False,0.012728243101654213
0000642,rule_2,compliant,contrast,0.5,-,False,0.34394592209471186,0.04187240563002338,False,False,False,0.0013233950428132024
0000642,rule_2,compliant,occlude,0.1,center,True,,,True,True,True,-0.03215021293630804
0000642,rule_2,compliant,occlude,0.1,random,True,,,True,False,False,-0.029123781515019376
0000642,rule_2,compliant,occlude,0.2,center,True,,,True,True,True,-0.07333984077590838
0000642,rule_2,compliant,occlude,0.2,random,True,,,True,False,False,-0.09290414199151176
0000642,rule_2,compliant,occlude,0.35,center,False,0.013118425402575518,0.09666148585982502,False,True,False,-0.0652422668248579
0000642,rule_2,compliant,occlude,0.35,random,True,,,True,False,False,-0.03357804832713951
0000642,rule_2,compliant,occlude_targeted,,object,True,,,True,True,True,-0.1440061593203099
0000745,rule_3,compliant,blur,4.0,-,False,0.09037781575375708,0.22518723122786974,False,False,False,0.013651225216952834
0000745,rule_3,compliant,blur,8.0,-,False,0.47597600882805324,0.03695456926640144,False,False,False,0.019594405167957962
0000745,rule_3,compliant,blur,16.0,-,False,0.47597600882805324,0.03695456926640144,False,False,False,0.029522596149870628
0000745,rule_3,compliant,gamma,1.5,-,False,0.19427348343495132,0.2082960565895468,False,False,False,0.046457918310937096
0000745,rule_3,compliant,gamma,2.5,-,False,0.0909667895951657,0.10652703868362794,False,False,False,0.07604803105017971
0000745,rule_3,compliant,gamma,4.0,-,False,0.005775466517677235,0.16976009387920638,False,False,False,0.020956395726118737
0000745,rule_3,compliant,contrast,0.15,-,False,0.9958336522538881,0.0008543834679634425,False,False,False,-0.05334919009224648
0000745,rule_3,compliant,contrast,0.3,-,False,0.9970640300560379,0.000499991862062987,False,False,False,0.003368622523599485
0000745,rule_3,compliant,contrast,0.5,-,False,0.9970640300560379,0.000499991862062987,False,False,False,0.008004008792340755
0000745,rule_3,compliant,occlude,0.1,center,False,0.996300919738679,0.001199981689453125,False,False,False,-0.02432633141454832
0000745,rule_3,compliant,occlude,0.1,random,False,1.0,0.0,False,False,False,-0.03470464702695608
0000745,rule_3,compliant,occlude,0.2,center,False,0.1412542782497152,0.23878344723378916,False,True,False,-0.014083898209219514
0000745,rule_3,compliant,occlude,0.2,random,False,0.997533962055443,1.52587890625e-08,False,False,False,-0.015140578017703077
0000745,rule_3,compliant,occlude,0.35,center,False,0.07712739282004338,0.27143768695442827,False,False,False,0.006532502526949591
0000745,rule_3,compliant,occlude,0.35,random,False,0.05465812099532512,0.12483477646228255,False,False,False,0.051854563045448554
0000745,rule_3,compliant,occlude_targeted,,object,True,,,True,True,True,-0.07784710366759895
0000755,rule_1,compliant,blur,4.0,-,False,0.0,0.3461994955974856,False,False,False,0.0779587869931545
0000755,rule_1,compliant,blur,8.0,-,False,0.00018072246849161426,0.2637846308422187,False,False,False,0.05852687673731927
0000755,rule_1,compliant,blur,16.0,-,False,0.00018072246849161426,0.2637846308422187,False,False,False,-0.10064020813785468
0000755,rule_1,compliant,gamma,1.5,-,False,1.0,0.0,False,False,False,0.008339978621474287
0000755,rule_1,compliant,gamma,2.5,-,False,0.7333360836813699,0.0005000081380373899,False,False,False,0.02146826524819645
0000755,rule_1,compliant,gamma,4.0,-,False,0.7333360836813699,0.0005000081380373899,False,False,False,0.03501867157007965
0000755,rule_1,compliant,contrast,0.15,-,False,0.8555532384825748,0.0005000081380373899,False,False,False,0.008432336151599884
0000755,rule_1,compliant,contrast,0.3,-,False,0.8555573828418424,0.0004999959311385962,False,False,False,0.002955361934644851
0000755,rule_1,compliant,contrast,0.5,-,False,0.8555573828418424,0.0004999959311385962,False,False,False,0.00696246858154026
0000755,rule_1,compliant,occlude,0.1,center,False,0.9333360460069444,0.00029998779296875,False,False,False,-0.00176928099244833
0000755,rule_1,compliant,occlude,0.1,random,False,0.9333360460069444,0.00029998779296875,False,False,False,-0.005757298187485715
0000755,rule_1,compliant,occlude,0.2,center,False,0.8115979776303404,0.0007210921986444844,False,False,False,-0.009839358074324456
0000755,rule_1,compliant,occlude,0.2,random,False,0.9333360460069444,0.00029998779296875,False,False,False,-0.012824606948665163
0000755,rule_1,compliant,occlude,0.35,center,False,0.8659811869591346,0.0004999959311385962,False,False,False,-0.004340147466531774
0000755,rule_1,compliant,occlude,0.35,random,False,0.8115979776303404,0.0007210921986444844,False,False,False,0.004121454033468419
0000755,rule_1,compliant,occlude_targeted,,object,True,0.0,0.13078546173773778,False,False,False,0.028060151530163613
0000760,rule_1,compliant,blur,4.0,-,False,0.8735048665116443,0.0009848725595805782,False,False,False,0.032434494500713784
0000760,rule_1,compliant,blur,8.0,-,False,0.8199613357622629,0.0012649046304133436,False,False,False,0.10837929303358718
0000760,rule_1,compliant,blur,16.0,-,False,0.6752115178499378,0.0036055428114151176,False,False,False,0.06326308773298361
0000760,rule_1,compliant,gamma,1.5,-,False,0.9857148670014881,0.00029998779296875,False,False,False,-0.002294983847864973
0000760,rule_1,compliant,gamma,2.5,-,False,0.9571426633804564,0.0009000040690104167,False,False,False,0.0006454459923719291
0000760,rule_1,compliant,gamma,4.0,-,False,0.9428575303819444,0.0011999918619791667,False,False,False,0.024415687990507973
0000760,rule_1,compliant,contrast,0.15,-,False,0.9581213920270464,0.0007211091265744367,False,False,False,0.021200412285647285
0000760,rule_1,compliant,contrast,0.3,-,False,0.9714287651909722,0.0005999959309895834,False,False,False,0.00434093197275498
0000760,rule_1,compliant,contrast,0.5,-,False,0.9592594976829943,0.0008543846585872625,False,False,False,-0.005091833615941566
0000760,rule_1,compliant,occlude,0.1,center,True,1.0,0.0,False,False,False,-0.005097440909594297
0000760,rule_1,compliant,occlude,0.1,random,False,1.0,0.0,False,False,False,-0.0024257212478134837
0000760,rule_1,compliant,occlude,0.2,center,False,0.9587087168061321,0.000854403708342738,False,False,False,-0.05111350312030738
0000760,rule_1,compliant,occlude,0.2,random,False,0.0,0.29768710010733224,False,False,False,0.0032400599281703357
0000760,rule_1,compliant,occlude,0.35,center,False,0.005130503524175396,0.189421437601316,False,False,False,0.030732391158207584
0000760,rule_1,compliant,occlude,0.35,random,False,0.9718316518416811,0.0005999857584635417,False,False,False,-0.005925193495516234
0000760,rule_1,compliant,occlude_targeted,,object,False,0.0,0.09573593463533604,False,False,False,-0.010895424988120794
0000766,rule_1,ppe_violation,blur,4.0,-,True,0.22633745306387978,0.008734963458837399,False,False,False,0.08562593388238127
0000766,rule_1,ppe_violation,blur,8.0,-,False,0.0,0.3364302582279571,False,False,False,0.155201991737288
0000766,rule_1,ppe_violation,blur,16.0,-,False,0.0006626477311033225,0.3923579066024879,False,False,False,-0.10973544962083293
0000766,rule_1,ppe_violation,gamma,1.5,-,False,0.7755578076961943,0.00139626099060342,False,False,False,0.0025354994993125324
0000766,rule_1,ppe_violation,gamma,2.5,-,False,0.7755578076961943,0.00139626099060342,False,False,False,0.030832616612315178
0000766,rule_1,ppe_violation,gamma,4.0,-,True,0.3188405839092435,0.007557691009566394,False,False,False,0.0812126815186015
0000766,rule_1,ppe_violation,contrast,0.15,-,False,0.970588743725275,0.00024512618675385513,False,False,False,0.014918519583131618
0000766,rule_1,ppe_violation,contrast,0.3,-,False,0.8494205119537042,0.0006559400910315418,False,False,False,0.0029556709341704845
0000766,rule_1,ppe_violation,contrast,0.5,-,False,0.775557700503513,0.0006559410114048401,False,False,False,0.00019536892484339763
0000766,rule_1,ppe_violation,occlude,0.1,center,False,0.9212126031124426,0.0004999980681416149,False,False,False,0.006702874121921387
0000766,rule_1,ppe_violation,occlude,0.1,random,False,0.9212126031124426,0.0004999980681416149,False,False,False,0.008030599515352899
0000766,rule_1,ppe_violation,occlude,0.2,center,False,0.8494205119537042,0.0006559400910315418,False,False,False,0.00860196338700403
0000766,rule_1,ppe_violation,occlude,0.2,random,False,0.970588743725275,0.00024512618675385513,False,False,False,0.007691563240119326
0000766,rule_1,ppe_violation,occlude,0.35,center,False,0.775557700503513,0.0006559410114048401,False,False,False,-0.0018594829764748688
0000766,rule_1,ppe_violation,occlude,0.35,random,False,1.0,0.0,False,False,False,0.007142829442662868
0000766,rule_1,ppe_violation,occlude_targeted,,object,False,0.0,0.3210230364564313,False,False,False,0.05684382867600235
0000798,rule_3,compliant,blur,4.0,-,True,0.994100334670624,0.0005999959309895834,False,False,False,-0.004664609807410458
0000798,rule_3,compliant,blur,8.0,-,False,0.7518610253622284,0.03000000152985255,False,False,False,0.038639540459005195
0000798,rule_3,compliant,blur,16.0,-,True,0.3376753593680459,0.15869999033212662,False,False,False,-0.049594012820827205
0000798,rule_3,compliant,gamma,1.5,-,False,1.0,0.0,False,False,False,-0.0027610048917787733
0000798,rule_3,compliant,gamma,2.5,-,False,1.0,0.0,False,False,False,0.003787164642874652
0000798,rule_3,compliant,gamma,4.0,-,True,0.9554896135715385,0.0045,False,False,False,-0.028025619818696
0000798,rule_3,compliant,contrast,0.15,-,True,0.9736070425701828,0.002699999491373698,False,False,False,-0.03669953971569029
0000798,rule_3,compliant,contrast,0.3,-,True,0.9825073320784251,0.0006000035603841145,False,False,False,-0.021631008047344524
0000798,rule_3,compliant,contrast,0.5,-,False,0.9941002973826013,0.000599999745686849,False,False,False,0.002533343620598316
0000798,rule_3,compliant,occlude,0.1,center,False,1.0,0.0,False,False,False,-0.007313666698921972
0000798,rule_3,compliant,occlude,0.1,random,False,1.0,0.0,False,False,False,-0.0068465166592173166
0000798,rule_3,compliant,occlude,0.2,center,True,1.0,0.0,False,False,False,-0.05983797996304929
0000798,rule_3,compliant,occlude,0.2,random,False,0.5455426082824872,0.18000402029676577,False,False,False,0.04471729499553989
0000798,rule_3,compliant,occlude,0.35,center,False,1.0,0.0,False,False,False,-0.013845931871661166
0000798,rule_3,compliant,occlude,0.35,random,True,0.0,0.29593405688816443,False,False,False,0.013891077034973609
0000798,rule_3,compliant,occlude_targeted,,object,True,0.003999158927555209,0.2863955182947574,False,False,False,0.001842189846294251
0000804,rule_1,compliant,blur,4.0,-,False,0.7833914202213187,0.001232705709037414,False,False,False,0.03782465841088978
0000804,rule_1,compliant,blur,8.0,-,False,0.004063234879468972,0.23522061748443393,False,False,False,-0.024564458190330374
0000804,rule_1,compliant,blur,16.0,-,False,0.004063234879468972,0.23522061748443393,False,False,False,0.05412546739998181
0000804,rule_1,compliant,gamma,1.5,-,False,1.0,0.0,False,False,False,0.02950880277369705
0000804,rule_1,compliant,gamma,2.5,-,False,0.982456471743822,0.0003821967415681586,False,False,False,0.023616038928074512
0000804,rule_1,compliant,gamma,4.0,-,False,0.9686187923080704,0.0004999983176580882,False,False,False,0.022874461753027764
0000804,rule_1,compliant,contrast,0.15,-,False,0.9526839421570006,0.0008296047879549783,False,False,False,0.022093487992173144
0000804,rule_1,compliant,contrast,0.3,-,False,0.9526839421570006,0.0008296047879549783,False,False,False,0.021014210368905717
0000804,rule_1,compliant,contrast,0.5,-,False,0.9691103277817107,0.0004999817352589098,False,False,False,0.025807625214968377
0000804,rule_1,compliant,occlude,0.1,center,False,0.9861119422005031,0.0003223466865460116,False,False,False,-0.038684760793470385
0000804,rule_1,compliant,occlude,0.1,random,False,1.0,0.0,False,False,False,-0.019813324969548463
0000804,rule_1,compliant,occlude,0.2,center,False,0.9861119422005031,0.0003223466865460116,False,False,False,-0.03898594879473638
0000804,rule_1,compliant,occlude,0.2,random,False,1.0,0.0,False,False,False,-0.007118122365612267
0000804,rule_1,compliant,occlude,0.35,center,False,0.7474670418460193,0.005214193259077939,False,False,False,-0.00042714414974820425
0000804,rule_1,compliant,occlude,0.35,random,False,0.9691092033894367,0.0005000013963259959,False,False,False,-0.04725466926510524
0000804,rule_1,compliant,occlude_targeted,,object,False,0.0,0.19409550426867672,False,False,False,-0.04819167419694936
0000874,rule_2,fall_hazard,blur,4.0,-,False,0.0,0.06415201933592247,False,False,False,0.017041068540753046
0000874,rule_2,fall_hazard,blur,8.0,-,False,0.0019347328093001605,0.15679250997459382,False,False,False,-0.03569962914168301
0000874,rule_2,fall_hazard,blur,16.0,-,False,0.0019347328093001605,0.15679250997459382,False,False,False,0.006032251499419883
0000874,rule_2,fall_hazard,gamma,1.5,-,False,0.9363467547283454,0.00032236597642193194,False,False,False,-0.0056741477289635744
0000874,rule_2,fall_hazard,gamma,2.5,-,False,0.9145712690061515,0.0,False,False,False,-0.009109353763051331
0000874,rule_2,fall_hazard,gamma,4.0,-,False,0.0,0.07414817288257354,False,False,False,0.025686129977527505
0000874,rule_2,fall_hazard,contrast,0.15,-,False,0.6119403473841398,0.00838152181692887,False,False,False,0.010385948782121512
0000874,rule_2,fall_hazard,contrast,0.3,-,False,0.6212119746841411,0.008059162270465579,False,False,False,0.009086010728164506
0000874,rule_2,fall_hazard,contrast,0.5,-,False,0.6307692638160685,0.007736789864085006,False,False,False,0.016944648980695254
0000874,rule_2,fall_hazard,occlude,0.1,center,False,1.0,0.0,False,False,False,-0.027851494278625655
0000874,rule_2,fall_hazard,occlude,0.1,random,False,0.0,0.0745738406057048,False,False,False,0.019449185629907495
0000874,rule_2,fall_hazard,occlude,0.2,center,False,0.0027195258184755547,0.23799584971913756,False,True,False,-0.09671174255225312
0000874,rule_2,fall_hazard,occlude,0.2,random,False,0.06347172718402029,0.0586190511625186,False,False,False,0.01491034464977159
0000874,rule_2,fall_hazard,occlude,0.35,center,False,0.0,0.3316018238786589,False,True,False,-0.10718758679259455
0000874,rule_2,fall_hazard,occlude,0.35,random,False,0.0,0.3316018238786589,False,True,False,-0.15817739173723888
0000874,rule_2,fall_hazard,occlude_targeted,,object,False,0.6146731830470424,0.002998022162274337,False,False,False,0.0064937552670016885
0000878,rule_4,struck_by_risk,blur,4.0,-,False,1.0,0.0,False,False,False,-0.0014622278184026616
0000878,rule_4,struck_by_risk,blur,8.0,-,False,1.0,0.0,False,False,False,0.017561730324894498
0000878,rule_4,struck_by_risk,blur,16.0,-,False,1.0,0.0,False,False,False,0.09852235420019961
0000878,rule_4,struck_by_risk,gamma,1.5,-,False,1.0,0.0,False,False,False,0.01858357675782929
0000878,rule_4,struck_by_risk,gamma,2.5,-,False,1.0,0.0,False,False,False,0.006768087928111788
0000878,rule_4,struck_by_risk,gamma,4.0,-,False,1.0,0.0,False,False,False,0.03405258141376155
0000878,rule_4,struck_by_risk,contrast,0.15,-,False,1.0,0.0,False,False,False,0.0059132381127431355
0000878,rule_4,struck_by_risk,contrast,0.3,-,False,1.0,0.0,False,False,False,0.012934782102212772
0000878,rule_4,struck_by_risk,contrast,0.5,-,False,1.0,0.0,False,False,False,0.016030641293132697
0000878,rule_4,struck_by_risk,occlude,0.1,center,False,1.0,0.0,False,False,False,0.014028062040989164
0000878,rule_4,struck_by_risk,occlude,0.1,random,False,1.0,0.0,False,False,False,-0.005483310710597822
0000878,rule_4,struck_by_risk,occlude,0.2,center,False,1.0,0.0,False,False,False,0.02180072182154913
0000878,rule_4,struck_by_risk,occlude,0.2,random,False,0.670340681151377,0.13160000813007355,False,False,False,0.0045638538815162555
0000878,rule_4,struck_by_risk,occlude,0.35,center,False,1.0,0.0,False,False,False,0.02188231967962706
0000878,rule_4,struck_by_risk,occlude,0.35,random,False,0.6713426952910443,0.13120000406106314,False,False,False,0.002804331390485082
0000878,rule_4,struck_by_risk,occlude_targeted,,object,False,1.0,0.0,False,False,False,0.08069807405655194
0000879,rule_1,compliant,blur,4.0,-,False,0.46143772724427384,0.0008543882303730698,False,False,False,-0.027571574385677033
0000879,rule_1,compliant,blur,8.0,-,False,0.0007028087485780832,0.1955289308459275,False,False,False,0.01949776824386351
0000879,rule_1,compliant,blur,16.0,-,False,0.0007028087485780832,0.1955289308459275,False,False,False,-0.22651475860870307
0000879,rule_1,compliant,gamma,1.5,-,False,0.9257141424682845,0.0005000020345217652,False,False,False,-0.016722551280898612
0000879,rule_1,compliant,gamma,2.5,-,False,0.8642779477194307,0.0009999877929770286,False,False,False,-0.05535073777926813
0000879,rule_1,compliant,gamma,4.0,-,False,0.928381832244929,0.0005000020345217652,False,False,False,-0.04954693399901888
0000879,rule_1,compliant,contrast,0.15,-,False,0.9599995930989583,0.00040000406901041666,False,False,False,-0.033110459335148335
0000879,rule_1,compliant,contrast,0.3,-,False,0.9615380853357226,0.00040000406901041666,False,False,False,-0.02982174645044966
0000879,rule_1,compliant,contrast,0.5,-,False,0.9257141424682845,0.0005000020345217652,False,False,False,-0.020563616417348385
0000879,rule_1,compliant,occlude,0.1,center,False,0.8871423111477652,0.0002999979654947917,False,False,False,-0.0715950138068624
0000879,rule_1,compliant,occlude,0.1,random,False,0.0,0.1647259952822526,False,False,False,0.004523425429527328
0000879,rule_1,compliant,occlude,0.2,center,False,0.9257141424682845,0.0005000020345217652,False,False,False,-0.0719893203516091
0000879,rule_1,compliant,occlude,0.2,random,False,0.0,0.1642729528173882,False,False,False,-0.051395696321768325
0000879,rule_1,compliant,occlude,0.35,center,False,0.0007028087485780832,0.1955289308459275,False,False,False,-0.1574747672836695
0000879,rule_1,compliant,occlude,0.35,random,False,0.9599995930989583,0.00040000406901041666,False,False,False,-0.07012798171490431
0000879,rule_1,compliant,occlude_targeted,,object,False,0.0,0.1636772938144356,False,False,False,-0.015200551200125867
0000886,rule_2,compliant,blur,4.0,-,True,0.0,0.14084633343922404,False,False,False,0.14185828200009248
0000886,rule_2,compliant,blur,8.0,-,True,0.0,0.13925099619875578,False,False,False,0.11517372587695718
0000886,rule_2,compliant,blur,16.0,-,False,0.008696757123933776,0.3887322843141825,False,False,False,0.09685350310670215
0000886,rule_2,compliant,gamma,1.5,-,False,1.0,0.0,False,False,False,0.006383803207427263
0000886,rule_2,compliant,gamma,2.5,-,False,0.9838702978877354,1.0580066608910162e-08,False,False,False,0.022342913451471436
0000886,rule_2,compliant,gamma,4.0,-,False,0.0,0.4480488532554431,False,False,False,0.119605094371807
0000886,rule_2,compliant,contrast,0.15,-,False,0.9593499011124961,0.001386739910496464,False,False,False,0.036240379891491314
0000886,rule_2,compliant,contrast,0.3,-,False,0.9918694244956847,0.0002773670262191888,False,False,False,0.019124670153749745
0000886,rule_2,compliant,contrast,0.5,-,False,0.9918694244956847,0.0002773670262191888,False,False,False,-0.0019241192245058603
0000886,rule_2,compliant,occlude,0.1,center,False,1.0,0.0,False,False,False,0.005433422446783132
0000886,rule_2,compliant,occlude,0.1,random,False,0.9918034017102355,0.00027734586608597103,False,False,False,0.004440063610672951
0000886,rule_2,compliant,occlude,0.2,center,False,1.0,0.0,False,False,False,0.004622983712968987
0000886,rule_2,compliant,occlude,0.2,random,True,0.0,0.44800799030865435,False,False,False,0.00882477758984479
0000886,rule_2,compliant,occlude,0.35,center,False,0.9918034017102355,0.00027734586608597103,False,False,False,0.003292121259229508
0000886,rule_2,compliant,occlude,0.35,random,False,1.0,0.0,False,False,False,8.35784511374893e-05
0000886,rule_2,compliant,occlude_targeted,,object,False,0.0,0.44842290918141886,False,False,False,0.10753809727196179
0000888,rule_4,compliant,blur,4.0,-,True,,,False,False,False,0.002221732084003669
0000888,rule_4,compliant,blur,8.0,-,True,,,False,False,False,0.0029575548533882223
0000888,rule_4,compliant,blur,16.0,-,True,,,False,False,False,0.027168293451487857
0000888,rule_4,compliant,gamma,1.5,-,False,,,False,False,False,0.004872754978991756
0000888,rule_4,compliant,gamma,2.5,-,False,,,False,False,False,0.002194034905424247
0000888,rule_4,compliant,gamma,4.0,-,False,,,False,False,False,0.038266730208009025
0000888,rule_4,compliant,contrast,0.15,-,False,,,False,False,False,0.01993557649058486
0000888,rule_4,compliant,contrast,0.3,-,False,,,False,False,False,-0.012501802301359444
0000888,rule_4,compliant,contrast,0.5,-,False,,,False,False,False,-0.004115657177236276
0000888,rule_4,compliant,occlude,0.1,center,False,,,False,False,False,-0.012584307151181306
0000888,rule_4,compliant,occlude,0.1,random,False,,,False,False,False,-0.0247661967185282
0000888,rule_4,compliant,occlude,0.2,center,False,,,False,False,False,-0.010845118565928402
0000888,rule_4,compliant,occlude,0.2,random,False,,,False,False,False,-0.09258501087980608
0000888,rule_4,compliant,occlude,0.35,center,False,,,False,False,False,-0.04120272399768943
0000888,rule_4,compliant,occlude,0.35,random,False,,,False,False,False,-0.0837483851859967
0000889,rule_4,compliant,blur,4.0,-,False,0.9609608724982344,0.00213777163089018,False,False,False,0.03794937545344945
0000889,rule_4,compliant,blur,8.0,-,False,0.9481797499519592,0.0007211091265744367,False,False,False,0.14753979018756325
0000889,rule_4,compliant,blur,16.0,-,False,0.8750877428917706,0.021652040592454017,False,False,False,0.04946859852866847
0000889,rule_4,compliant,gamma,1.5,-,True,0.9937160502427076,0.0009848704938157408,False,False,False,-0.0014891560588564667
0000889,rule_4,compliant,gamma,2.5,-,True,0.9842082923305553,0.002529814086194508,False,False,False,-0.001777097050632781
0000889,rule_4,compliant,gamma,4.0,-,True,0.9306136943022377,0.012325988292490759,False,False,False,0.008010074378006049
0000889,rule_4,compliant,contrast,0.15,-,False,0.9937465513106735,0.0009848890853462933,False,False,False,0.022165059806808607
0000889,rule_4,compliant,contrast,0.3,-,False,0.9937465513106735,0.0009848890853462933,False,False,False,0.013346146851304974
0000889,rule_4,compliant,contrast,0.5,-,False,0.9953627246824701,0.0007211232333754481,False,False,False,-0.002335694574174374
0000889,rule_4,compliant,occlude,0.1,center,False,0.9935064273796403,0.0005999959309895834,False,False,False,0.06703601707505369
0000889,rule_4,compliant,occlude,0.1,random,False,0.9594499312383064,0.007211103679486984,False,False,False,0.04196993469900856
0000889,rule_4,compliant,occlude,0.2,center,True,0.9836867304399438,0.0030000101725260416,False,True,True,0.022368693349016477
0000889,rule_4,compliant,occlude,0.2,random,False,0.2676107530177795,0.16661620025818846,False,False,False,0.021338979698835914
0000889,rule_4,compliant,occlude,0.35,center,True,0.7667210141770944,0.042900004069010414,False,False,False,-0.013047925436525887
0000889,rule_4,compliant,occlude,0.35,random,False,0.4524429879501649,0.15760029673798598,False,False,False,-0.0052390452178697755
0000889,rule_4,compliant,occlude_targeted,,object,False,0.0,0.4387889163719843,False,False,False,0.07170310081943632
0000895,rule_3,fall_hazard,blur,4.0,-,True,0.09664016856897266,0.3330065074919334,False,False,False,-0.04034467549486598
0000895,rule_3,fall_hazard,blur,8.0,-,True,0.09664016856897266,0.3330065074919334,False,False,False,-0.031878085355415475
0000895,rule_3,fall_hazard,blur,16.0,-,True,0.09664016856897266,0.3330065074919334,False,False,False,-0.15945742699797405
0000895,rule_3,fall_hazard,gamma,1.5,-,False,1.0,0.0,False,False,False,-0.004517052322626114
0000895,rule_3,fall_hazard,gamma,2.5,-,False,0.9907692779243809,0.0013073566474348624,False,False,False,-0.021883897350302828
0000895,rule_3,fall_hazard,gamma,4.0,-,True,0.09664016856897266,0.3330065074919334,False,False,False,-0.04058961703308994
0000895,rule_3,fall_hazard,contrast,0.15,-,True,0.09664016856897266,0.3330065074919334,False,False,False,-0.0429545877767461
0000895,rule_3,fall_hazard,contrast,0.3,-,True,0.09664016856897266,0.3330065074919334,False,False,False,-0.03914362338504618
0000895,rule_3,fall_hazard,contrast,0.5,-,True,0.09664016856897266,0.3330065074919334,False,False,False,-0.015199544085633176
0000895,rule_3,fall_hazard,occlude,0.1,center,False,0.9907692779243809,0.0013073566474348624,False,False,False,0.0010434112378528981
0000895,rule_3,fall_hazard,occlude,0.1,random,False,1.0,0.0,False,False,False,0.019751903600990772
0000895,rule_3,fall_hazard,occlude,0.2,center,True,0.09664016856897266,0.3330065074919334,False,False,False,-0.026701427109184772
0000895,rule_3,fall_hazard,occlude,0.2,random,False,0.9839276080373367,0.0011403834572217039,False,False,False,0.018069090055567893
0000895,rule_3,fall_hazard,occlude,0.35,center,True,0.09664016856897266,0.3330065074919334,False,False,False,0.01909021073670103
0000895,rule_3,fall_hazard,occlude,0.35,random,False,0.9874655916032975,0.0013301425179704568,False,False,False,-0.019955425124083215
0000895,rule_3,fall_hazard,occlude_targeted,,object,True,0.09664016856897266,0.3330065074919334,False,False,False,-0.0033721078542017224
0000904,rule_2,compliant,blur,4.0,-,False,0.7343941844521747,0.0033286746416440463,False,False,False,0.057862353743985295
0000904,rule_2,compliant,blur,8.0,-,False,0.19822706869156662,0.013473301417040813,False,False,False,-0.02708000762920293
0000904,rule_2,compliant,blur,16.0,-,True,0.0036144459653861738,0.2775342896485413,False,False,False,-0.1402381098369596
0000904,rule_2,compliant,gamma,1.5,-,False,0.9799997965494792,0.00040000406901041666,False,False,False,0.10913695969751902
0000904,rule_2,compliant,gamma,2.5,-,False,0.9466659137745669,0.0008544108518612624,False,False,False,0.10453749581107069
0000904,rule_2,compliant,gamma,4.0,-,True,0.9599995930989583,0.0008000081380208333,False,False,False,0.1066078725270927
0000904,rule_2,compliant,contrast,0.15,-,False,0.9540292026744519,0.0007211091265744367,False,False,False,0.016475462886903935
0000904,rule_2,compliant,contrast,0.3,-,False,0.9594592984626664,0.0009000040690104167,False,False,False,0.020379253463553515
0000904,rule_2,compliant,contrast,0.5,-,False,1.0,0.0,False,False,False,0.021034677512943745
0000904,rule_2,compliant,occlude,0.1,center,False,0.9527773565392339,0.0007211204120947225,False,False,False,0.01804435848524527
0000904,rule_2,compliant,occlude,0.1,random,False,0.9861107448167251,0.00030000813802083336,False,False,False,0.020622918748163743
0000904,rule_2,compliant,occlude,0.2,center,False,0.9333327289475964,0.0006000162761278979,False,False,False,0.01845593883522917
0000904,rule_2,compliant,occlude,0.2,random,False,0.9527773565392339,0.0007211204120947225,False,False,False,0.025048688453223
0000904,rule_2,compliant,occlude,0.35,center,False,0.9527773565392339,0.0007211204120947225,False,False,False,0.01711610265608343
0000904,rule_2,compliant,occlude,0.35,random,False,0.9333327289475964,0.0006000162761278979,False,False,False,-0.009778940717556639
0000904,rule_2,compliant,occlude_targeted,,object,False,0.0,0.24765175727884708,False,False,False,0.006444401639912778
0000905,rule_3,compliant,blur,4.0,-,False,0.9736553245043394,0.007199999491373698,False,False,False,0.04847132241417906
0000905,rule_3,compliant,blur,8.0,-,False,0.9693989093921296,0.008399998982747396,False,False,False,0.022804154016609735
0000905,rule_3,compliant,blur,16.0,-,False,0.888777552262521,0.03329999949534734,False,False,False,-0.04960947683750294
0000905,rule_3,compliant,gamma,1.5,-,False,1.0,0.0,False,False,False,0.005208360230816278
0000905,rule_3,compliant,gamma,2.5,-,False,1.0,0.0,False,False,False,0.013566480749952037
0000905,rule_3,compliant,gamma,4.0,-,False,0.9988726023231301,0.0003000005086263021,False,False,False,0.02620058965736205
0000905,rule_3,compliant,contrast,0.15,-,False,0.9955106638751394,0.001199999491373698,False,False,False,-0.003326544117835617
0000905,rule_3,compliant,contrast,0.3,-,False,0.9988738719173145,0.0003000005086263021,False,False,False,0.006846972940755758
0000905,rule_3,compliant,contrast,0.5,-,False,1.0,0.0,False,False,False,0.004740068422896537
0000905,rule_3,compliant,occlude,0.1,center,False,1.0,0.0,False,False,False,0.0004444223762091193
0000905,rule_3,compliant,occlude,0.1,random,False,1.0,0.0,False,False,False,8.165942771098944e-05
0000905,rule_3,compliant,occlude,0.2,center,False,1.0,0.0,False,False,False,0.0012983194818454447
0000905,rule_3,compliant,occlude,0.2,random,False,1.0,0.0,False,False,False,0.0060391228180378675
0000905,rule_3,compliant,occlude,0.35,center,False,0.8184892798496347,0.0483000005086263,False,False,False,-0.011562468151428806
0000905,rule_3,compliant,occlude,0.35,random,False,0.8500563765737802,0.039899996439615885,False,False,False,-0.009028665987508622
0000905,rule_3,compliant,occlude_targeted,,object,False,0.9955106638751394,0.001199999491373698,False,False,False,-0.0073451138367610636
0000923,rule_2,compliant,blur,4.0,-,False,0.0,0.381061003350866,False,False,False,0.09598688058346716
0000923,rule_2,compliant,blur,8.0,-,False,0.02521677486343117,0.28879296267609095,False,False,False,-0.022558346959503872
0000923,rule_2,compliant,blur,16.0,-,False,0.02521677486343117,0.28879296267609095,False,False,False,-0.057543670325507446
0000923,rule_2,compliant,gamma,1.5,-,False,0.985611599912637,0.0006246911420453438,False,False,False,0.09704555965751616
0000923,rule_2,compliant,gamma,2.5,-,False,0.8790409018405502,0.005545792848042382,False,False,False,0.08940793019668258
0000923,rule_2,compliant,gamma,4.0,-,False,0.8724315243594222,0.00560702633817111,False,False,False,-0.03897431592323053
0000923,rule_2,compliant,contrast,0.15,-,False,0.9750007071112424,0.0007808370358098337,False,False,False,0.11635689202511867
0000923,rule_2,compliant,contrast,0.3,-,False,0.9945357418809722,0.00039041851790491683,False,False,False,0.1066075259881033
0000923,rule_2,compliant,contrast,0.5,-,False,0.9820149643319401,0.00031234143383084944,False,False,False,0.10020074126525569
0000923,rule_2,compliant,occlude,0.1,center,False,1.0,0.0,False,False,False,-0.03477602642664945
0000923,rule_2,compliant,occlude,0.1,random,True,,,True,False,False,0.012789560505786057
0000923,rule_2,compliant,occlude,0.2,center,True,,,True,False,False,-0.08726006429028377
0000923,rule_2,compliant,occlude,0.2,random,True,,,True,False,False,-0.08785100137958157
0000923,rule_2,compliant,occlude,0.35,center,True,,,True,False,False,-0.07549577492251713
0000923,rule_2,compliant,occlude,0.35,random,True,,,True,False,False,-0.039829039618700435
0000923,rule_2,compliant,occlude_targeted,,object,True,,,True,False,False,-0.08073584578808513
0000925,rule_2,fall_hazard,blur,4.0,-,True,0.09346156916482105,0.029167091756579704,False,False,False,0.06657535206260434
0000925,rule_2,fall_hazard,blur,8.0,-,False,0.0020819166123051346,0.26018894026330386,False,False,False,-0.04957208768928267
0000925,rule_2,fall_hazard,blur,16.0,-,False,0.0009658591066419738,0.2677587359701335,False,False,False,-0.12685493034717832
0000925,rule_2,fall_hazard,gamma,1.5,-,False,0.9736835060580048,0.00030000813802083336,False,False,False,0.015602327018444107
0000925,rule_2,fall_hazard,gamma,2.5,-,False,0.8897320070150716,0.0009849076769461683,False,False,False,0.04331063143243752
0000925,rule_2,fall_hazard,gamma,4.0,-,True,0.0,0.19309028148879034,False,False,False,0.05994285716276093
0000925,rule_2,fall_hazard,contrast,0.15,-,False,0.11568056450677623,0.031215528735110836,False,False,False,0.07538905139413798
0000925,rule_2,fall_hazard,contrast,0.3,-,False,0.0,0.0372592147592122,False,False,False,0.03583442270090542
0000925,rule_2,fall_hazard,contrast,0.5,-,False,0.9473670121160096,0.0006000162760416667,False,False,False,0.0027874967615519886
0000925,rule_2,fall_hazard,occlude,0.1,center,False,1.0,0.0,False,False,False,0.005475557808365172
0000925,rule_2,fall_hazard,occlude,0.1,random,False,1.0,0.0,False,False,False,0.015147395032857225
0000925,rule_2,fall_hazard,occlude,0.2,center,False,0.9736835060580048,0.00030000813802083336,False,False,False,0.007527330491159723
0000925,rule_2,fall_hazard,occlude,0.2,random,False,1.0,0.0,False,False,False,-0.005867954875741654
0000925,rule_2,fall_hazard,occlude,0.35,center,False,0.9736835060580048,0.00030000813802083336,False,False,False,0.008668769284018496
0000925,rule_2,fall_hazard,occlude,0.35,random,True,0.0,0.5301728440573485,False,False,False,-0.061906199702726816
0000925,rule_2,fall_hazard,occlude_targeted,,object,False,0.0,0.036913406574862515,False,False,False,0.010992406867444515
0000936,rule_4,compliant,blur,4.0,-,False,0.9648178778459763,1.1373229866026763e-08,False,False,False,0.010582442380606238
0000936,rule_4,compliant,blur,8.0,-,True,0.022879881576142017,0.21755295884512246,False,False,False,-0.11682168727883091
0000936,rule_4,compliant,blur,16.0,-,True,0.07544147170251922,0.09641954535240853,False,False,False,-0.1001805862821642
0000936,rule_4,compliant,gamma,1.5,-,False,1.0,0.0,False,False,False,0.009073421240799129
0000936,rule_4,compliant,gamma,2.5,-,False,0.9961685439229445,0.00040000406901041666,False,False,False,0.010795193266064484
0000936,rule_4,compliant,gamma,4.0,-,False,0.9961686409876003,0.000399993896484375,False,False,False,-0.021425882738734026
0000936,rule_4,compliant,contrast,0.15,-,False,0.9753931890155211,0.0016999993418046868,False,False,False,0.02689754761873736
0000936,rule_4,compliant,contrast,0.3,-,False,0.9825467246451838,0.0012649094556589626,False,False,False,0.015506276949530606
0000936,rule_4,compliant,contrast,0.5,-,False,1.0,0.0,False,False,False,0.011294853385715342
0000936,rule_4,compliant,occlude,0.1,center,False,0.43944636820296057,0.04799999491373698,False,False,False,0.00868695270684039
0000936,rule_4,compliant,occlude,0.1,random,False,0.669230762459118,0.03440000406901041,False,False,False,-0.016459072540913278
0000936,rule_4,compliant,occlude,0.2,center,False,0.0,0.18771735508358578,False,False,False,-0.05203517195251239
0000936,rule_4,compliant,occlude,0.2,random,False,0.669230762459118,0.03440000406901041,False,False,False,-0.01942099512569484
0000936,rule_4,compliant,occlude,0.35,center,False,0.0,0.41528904158122765,False,False,False,0.05330864403292235
0000936,rule_4,compliant,occlude,0.35,random,False,0.0,0.16589212785269872,False,False,False,-0.035707132210807124
0000936,rule_4,compliant,occlude_targeted,,object,False,0.0,0.16589212785269872,False,False,False,-0.0014120439688364295
0000940,rule_3,compliant,blur,4.0,-,True,0.9605261396723435,0.00270001220703125,False,False,False,-0.06996906678458414
0000940,rule_3,compliant,blur,8.0,-,True,0.21943885951838407,0.23369999593496324,False,False,False,-0.007631210000475952
0000940,rule_3,compliant,blur,16.0,-,True,0.21943885951838407,0.23369999593496324,False,False,False,-0.09019380087714268
0000940,rule_3,compliant,gamma,1.5,-,False,0.9954544221511994,0.00030000813802083336,False,False,False,0.0014148377480783791
0000940,rule_3,compliant,gamma,2.5,-,False,0.9954544221511994,0.00030000813802083336,False,False,False,0.014610559546521684
0000940,rule_3,compliant,gamma,4.0,-,True,0.0,0.38129998779296875,False,False,False,0.036320191641737276
0000940,rule_3,compliant,contrast,0.15,-,False,0.9909502859508335,0.0005999959309895834,False,False,False,-0.02857775650253258
0000940,rule_3,compliant,contrast,0.3,-,False,0.9954544221511994,0.00030000813802083336,False,False,False,-0.02557664337967125
0000940,rule_3,compliant,contrast,0.5,-,False,0.9954544221511994,0.00030000813802083336,False,False,False,-0.013387301304776833
0000940,rule_3,compliant,occlude,0.1,center,False,0.9954544221511994,0.00030000813802083336,False,False,False,0.010295879461669544
0000940,rule_3,compliant,occlude,0.1,random,False,0.9954544221511994,0.00030000813802083336,False,False,False,-0.01724032878077464
0000940,rule_3,compliant,occlude,0.2,center,True,0.0,0.38609999084472657,False,False,False,0.009630922427667055
0000940,rule_3,compliant,occlude,0.2,random,False,0.9954544221511994,0.00030000813802083336,False,False,False,0.011632890817487529
0000940,rule_3,compliant,occlude,0.35,center,True,0.0,0.47909816996480314,False,False,False,0.025464040593111137
0000940,rule_3,compliant,occlude,0.35,random,False,0.9954544221511994,0.00030000813802083336,False,False,False,-0.03072340663389439
0000940,rule_3,compliant,occlude_targeted,,object,False,0.0010713008052522471,0.3033509598476152,False,False,False,0.008977489712248876
0000959,rule_2,compliant,blur,4.0,-,False,0.0,0.3645433684561438,False,False,False,-0.0007764558706964131
0000959,rule_2,compliant,blur,8.0,-,False,0.4783842637286118,0.047835630798111,False,False,False,0.04671839478292639
0000959,rule_2,compliant,blur,16.0,-,True,0.08566189708054926,0.12940555008815194,False,False,False,-0.0010851338904882546
0000959,rule_2,compliant,gamma,1.5,-,False,1.0,0.0,False,False,False,-0.0011117232165165358
0000959,rule_2,compliant,gamma,2.5,-,False,0.9942195455478026,0.0006000111897786458,False,False,False,0.0073426226153969765
0000959,rule_2,compliant,gamma,4.0,-,False,0.9690584355551852,0.00272947645298948,False,False,False,0.03462025503228827
0000959,rule_2,compliant,contrast,0.15,-,False,0.9641760788378184,0.0024738700368301773,False,False,False,0.02343608332531799
0000959,rule_2,compliant,contrast,0.3,-,False,0.9898476135101459,0.0008000081380208333,False,False,False,0.009513851255178452
0000959,rule_2,compliant,contrast,0.5,-,False,0.9898476135101459,0.0008000081380208333,False,False,False,-0.013200543288673594
0000959,rule_2,compliant,occlude,0.1,center,True,0.0,0.22969687861291382,False,False,False,-0.03154959542942892
0000959,rule_2,compliant,occlude,0.1,random,True,0.0,0.22969687861291382,False,False,False,-0.01603647175111933
0000959,rule_2,compliant,occlude,0.2,center,False,0.0,0.15039232152722853,False,False,False,0.023523104110998894
0000959,rule_2,compliant,occlude,0.2,random,False,0.593908671380453,0.032,False,False,False,0.003129171074501169
0000959,rule_2,compliant,occlude,0.35,center,False,0.0,0.3633405998696988,False,False,False,-0.01279422108616135
0000959,rule_2,compliant,occlude,0.35,random,True,0.02097242627912515,0.15320655244206022,False,False,False,0.011560797890914465
0000959,rule_2,compliant,occlude_targeted,,object,True,0.0,0.22969687861291382,False,False,False,-0.012068403485630208
0000991,rule_3,fall_hazard,blur,4.0,-,False,0.5992470853329048,0.07094287245625043,False,False,False,0.00863714569381302
0000991,rule_3,fall_hazard,blur,8.0,-,False,0.14270492697833048,0.1876801534478462,False,False,False,-0.1558732040492552
0000991,rule_3,fall_hazard,blur,16.0,-,False,0.14398335808652904,0.18576759754731195,False,False,False,-0.22908522352753646
0000991,rule_3,fall_hazard,gamma,1.5,-,False,1.0,0.0,False,False,False,0.0009427402900266113
0000991,rule_3,fall_hazard,gamma,2.5,-,False,0.890625,0.014,False,False,False,-0.012176549594317132
0000991,rule_3,fall_hazard,gamma,4.0,-,False,0.8730948160467602,0.012803523468806479,False,False,False,-0.004654534260875476
0000991,rule_3,fall_hazard,contrast,0.15,-,False,0.8810765787178936,0.01176138073971122,False,False,False,0.007422219097082072
0000991,rule_3,fall_hazard,contrast,0.3,-,False,0.8973426354412222,0.01176137866392551,False,False,False,-0.005371640635920438
0000991,rule_3,fall_hazard,contrast,0.5,-,False,0.9057029133286468,0.011727321119007766,False,False,False,0.0006418433705610571
0000991,rule_3,fall_hazard,occlude,0.1,center,False,0.40038178092724014,0.12260770220062284,False,False,False,-0.053430979705548776
0000991,rule_3,fall_hazard,occlude,0.1,random,False,0.9968749682108561,0.00040000406901041666,False,False,False,-0.0776621182116547
0000991,rule_3,fall_hazard,occlude,0.2,center,False,0.522911466247589,0.04937053633073797,False,False,False,-0.09616441991446278
0000991,rule_3,fall_hazard,occlude,0.2,random,False,0.9912934251474036,0.0008543918022650608,False,False,False,-0.0824171423113772
0000991,rule_3,fall_hazard,occlude,0.35,center,False,0.2905237583048156,0.0789040428476386,False,False,False,-0.08435083885810202
0000991,rule_3,fall_hazard,occlude,0.35,random,False,0.39974845770204415,0.12244574695458248,False,False,False,-0.04355354114834753
0000991,rule_3,fall_hazard,occlude_targeted,,object,True,0.0,0.4738486369645361,False,False,False,0.027545532244922843
0000993,rule_2,fall_hazard,blur,4.0,-,True,0.005746995888512823,0.16218816233005418,False,False,False,-0.133297792944283
0000993,rule_2,fall_hazard,blur,8.0,-,True,0.0020321203529303097,0.04150301193889427,False,False,False,-0.26803291830117304
0000993,rule_2,fall_hazard,blur,16.0,-,True,0.0020321203529303097,0.04150301193889427,False,False,False,-0.31701272058409524
0000993,rule_2,fall_hazard,gamma,1.5,-,False,0.9565217391304348,0.0007071067811865475,False,False,False,0.01898801838979125
0000993,rule_2,fall_hazard,gamma,2.5,-,False,0.5229974160206718,0.014146554350795107,False,False,False,-0.0034611778599875076
0000993,rule_2,fall_hazard,gamma,4.0,-,False,0.5169859514687101,0.01379311422413372,False,False,False,-0.00351096224039793
0000993,rule_2,fall_hazard,contrast,0.15,-,True,0.005010310248114326,0.1399330196915653,False,False,False,-0.04688826788749012
0000993,rule_2,fall_hazard,contrast,0.3,-,True,0.005010310248114326,0.1399330196915653,False,False,False,-0.06114646652713418
0000993,rule_2,fall_hazard,contrast,0.5,-,False,0.49498654927855223,0.01379311422413372,False,False,False,-0.009899017800177823
0000993,rule_2,fall_hazard,occlude,0.1,center,False,0.0,0.14344380432768786,False,False,False,0.021565916349313097
0000993,rule_2,fall_hazard,occlude,0.1,random,False,1.0,0.0,False,False,False,-0.0012350433639117808
0000993,rule_2,fall_hazard,occlude,0.2,center,False,0.0,0.18866802855809992,False,False,False,-0.024600674398243427
0000993,rule_2,fall_hazard,occlude,0.2,random,False,0.9347826086956522,0.00035355339059327376,False,False,False,-0.0009567585906812281
0000993,rule_2,fall_hazard,occlude,0.35,center,False,0.0,0.18831489585266484,False,False,False,-0.04677204927429557
0000993,rule_2,fall_hazard,occlude,0.35,random,False,0.0,0.14344380432768786,False,False,False,0.019539367873221636
0000993,rule_2,fall_hazard,occlude_targeted,,object,False,0.0,0.14344380432768786,False,False,False,0.0057120476849377155
0001014,rule_3,compliant,blur,4.0,-,False,0.8850586617679874,0.0018439155116669473,False,False,False,0.009882612553025971
0001014,rule_3,compliant,blur,8.0,-,False,0.0373793683500962,0.13177532163031905,False,False,False,-0.05985493651990381
0001014,rule_3,compliant,blur,16.0,-,False,0.0373793683500962,0.13177532163031905,False,False,False,-0.15801458223218912
0001014,rule_3,compliant,gamma,1.5,-,False,0.983817473437849,0.000854407280048909,False,False,False,-0.017674705346247932
0001014,rule_3,compliant,gamma,2.5,-,False,0.9883039752861171,0.0008000081380208333,False,False,False,-0.023668997521911428
0001014,rule_3,compliant,gamma,4.0,-,False,0.9895781145099299,0.0005000081380373899,False,False,False,-0.038630560572658346
0001014,rule_3,compliant,contrast,0.15,-,False,0.9954544228518056,0.00030000813802083336,False,False,False,-0.023204352241009474
0001014,rule_3,compliant,contrast,0.3,-,False,1.0,0.0,False,False,False,-0.00944820512086153
0001014,rule_3,compliant,contrast,0.5,-,False,0.9954338210623307,0.0002999979654947917,False,False,False,-0.009490209897713986
0001014,rule_3,compliant,occlude,0.1,center,False,0.4071448408003404,0.033495075090803954,False,False,False,-0.03288554480033257
0001014,rule_3,compliant,occlude,0.1,random,False,0.9908674872916974,1.0172526041666666e-08,False,False,False,-0.01048472018114166
0001014,rule_3,compliant,occlude,0.2,center,False,0.0,0.40113806422227655,False,False,False,-0.0929340950346419
0001014,rule_3,compliant,occlude,0.2,random,False,0.9736881400143808,0.0012000122070743664,False,False,False,-0.012955630065074941
0001014,rule_3,compliant,occlude,0.35,center,True,,,True,False,False,-0.0975515782325106
0001014,rule_3,compliant,occlude,0.35,random,True,0.0,0.4006395320758657,False,False,False,-0.05420579441956119
0001014,rule_3,compliant,occlude_targeted,,object,True,0.0,0.40063951354635136,False,False,False,-0.06126952271110253
0001033,rule_4,struck_by_risk,blur,4.0,-,False,0.7649600347447504,0.030001489871861693,False,False,False,0.07612727351841464
0001033,rule_4,struck_by_risk,blur,8.0,-,False,0.4836683649487511,0.03319577847034192,False,False,False,0.08515238563811023
0001033,rule_4,struck_by_risk,blur,16.0,-,True,0.20210262706351034,0.06817925117173856,False,False,False,0.12268191884852875
0001033,rule_4,struck_by_risk,gamma,1.5,-,False,0.9984251541311242,0.00030000813802083336,False,False,False,0.017637188472444998
0001033,rule_4,struck_by_risk,gamma,2.5,-,False,0.9874706887577468,0.0014422238959062572,False,False,False,0.04813529526239413
0001033,rule_4,struck_by_risk,gamma,4.0,-,False,0.981132043281433,0.003600006103515625,False,False,False,0.07551889383303445
0001033,rule_4,struck_by_risk,contrast,0.15,-,False,0.9812354567714922,0.0021633386650633016,False,False,False,0.09207342491145165
0001033,rule_4,struck_by_risk,contrast,0.3,-,False,0.9874559307841465,0.0013416407865075868,False,False,False,0.051127098682671956
0001033,rule_4,struck_by_risk,contrast,0.5,-,False,0.9921506806154999,0.0008544013270556953,False,False,False,0.024403254427607046
0001033,rule_4,struck_by_risk,occlude,0.1,center,False,0.859978855526703,0.01694255244686452,False,False,False,0.04754516695226929
0001033,rule_4,struck_by_risk,occlude,0.1,random,False,0.9968453942330611,0.00040000406901041666,False,False,False,0.026826492141163505
0001033,rule_4,struck_by_risk,occlude,0.2,center,True,0.0,0.2869464325752166,False,False,False,0.02822407914532543
0001033,rule_4,struck_by_risk,occlude,0.2,random,False,0.9921258786329663,0.0008544108518612624,False,False,False,0.030033125527321403
0001033,rule_4,struck_by_risk,occlude,0.35,center,True,0.0,0.3557214751843196,False,False,False,-0.01809011659924953
0001033,rule_4,struck_by_risk,occlude,0.35,random,False,0.6050066800493057,0.07500105650840141,False,False,False,0.05614620600900955
0001033,rule_4,struck_by_risk,occlude_targeted,,object,True,0.0,0.2866677802774255,False,False,False,0.019704024943094423
0001071,rule_3,fall_hazard,blur,4.0,-,True,0.8054558703386382,0.018089769779093847,False,False,False,-0.02808790727119359
0001071,rule_3,fall_hazard,blur,8.0,-,True,0.10138512537659075,0.29940206132282987,False,False,False,0.030933723617667552
0001071,rule_3,fall_hazard,blur,16.0,-,True,0.10138512537659075,0.29940206132282987,False,False,False,-0.1427448224256146
0001071,rule_3,fall_hazard,gamma,1.5,-,False,1.0,0.0,False,False,False,0.0004210198364619222
0001071,rule_3,fall_hazard,gamma,2.5,-,False,0.9973333568431733,0.00029999732971191406,False,False,False,0.00047792800303014804
0001071,rule_3,fall_hazard,gamma,4.0,-,True,0.0,0.36527028862534405,False,False,False,0.04688824706577832
0001071,rule_3,fall_hazard,contrast,0.15,-,True,0.0,0.43900830868999485,False,False,False,0.018337518176330003
0001071,rule_3,fall_hazard,contrast,0.3,-,True,0.0,0.4390729203531077,False,False,False,0.03798064832309522
0001071,rule_3,fall_hazard,contrast,0.5,-,False,1.0,0.0,False,False,False,0.001416885892727593
0001071,rule_3,fall_hazard,occlude,0.1,center,False,0.9973263118420008,0.00029998779296875,False,False,False,-0.0025311123712786765
0001071,rule_3,fall_hazard,occlude,0.1,random,False,0.9973263118420008,0.00029998779296875,False,False,False,-0.008836109590317442
0001071,rule_3,fall_hazard,occlude,0.2,center,False,0.993632602015863,0.0004999847412254898,False,False,False,-0.014953147586701188
0001071,rule_3,fall_hazard,occlude,0.2,random,False,0.9973263118420008,0.00029998779296875,False,False,False,-0.013102955384446058
0001071,rule_3,fall_hazard,occlude,0.35,center,True,0.0,0.4395286509662691,False,False,False,0.017255681101232767
0001071,rule_3,fall_hazard,occlude,0.35,random,False,0.9973263118420008,0.00029998779296875,False,False,False,-0.026486489323100826
0001071,rule_3,fall_hazard,occlude_targeted,,object,True,0.0,0.3910437149654971,False,False,False,0.06554111515704014
0001077,rule_1,ppe_violation,blur,4.0,-,False,0.0002180457128993792,0.22250597205193595,False,False,False,0.13005825132131577
0001077,rule_1,ppe_violation,blur,8.0,-,False,0.00014056140927100547,0.28776353812157257,False,False,False,0.04313965834822364
0001077,rule_1,ppe_violation,blur,16.0,-,False,0.00014056140927100547,0.28776353812157257,False,False,False,0.062297533254151216
0001077,rule_1,ppe_violation,gamma,1.5,-,True,0.0,0.2769943041798783,False,False,False,0.038681428879499435
0001077,rule_1,ppe_violation,gamma,2.5,-,False,0.0,0.27696628608935053,False,False,False,0.005891560310763988
0001077,rule_1,ppe_violation,gamma,4.0,-,False,0.0,0.276395811650763,False,False,False,0.0299304776958057
0001077,rule_1,ppe_violation,contrast,0.15,-,False,0.491226943026141,0.0009848735924679391,False,False,False,0.029881611865546054
0001077,rule_1,ppe_violation,contrast,0.3,-,False,0.6857130954592028,0.0010000040690435303,False,False,False,0.01721787426088539
0001077,rule_1,ppe_violation,contrast,0.5,-,False,0.9285717745763862,0.0002999979654947917,False,False,False,0.010512358242911968
0001077,rule_1,ppe_violation,occlude,0.1,center,False,1.0,0.0,False,False,False,-0.0017122283045735154
0001077,rule_1,ppe_violation,occlude,0.1,random,False,1.0,0.0,False,False,False,0.00034196914306716675
0001077,rule_1,ppe_violation,occlude,0.2,center,False,0.9333315248842593,0.00030000813802083336,False,False,False,-0.0015774826918329987
0001077,rule_1,ppe_violation,occlude,0.2,random,False,0.9285717745763862,0.0002999979654947917,False,False,False,0.0004696255283697104
0001077,rule_1,ppe_violation,occlude,0.35,center,False,0.46666576244212965,0.0007210978412362868,False,False,False,-0.010997725384575996
0001077,rule_1,ppe_violation,occlude,0.35,random,False,0.72916587194054,2.0345052083333333e-08,False,False,False,-0.005239326373806974
0001077,rule_1,ppe_violation,occlude_targeted,,object,False,0.4347808871817559,0.0002999979654947917,False,False,False,0.022409757200096414
0001081,rule_3,fall_hazard,blur,4.0,-,False,0.6308139873558654,0.06040868967985876,False,False,False,-0.003866232665521774
0001081,rule_3,fall_hazard,blur,8.0,-,False,0.35585999651570693,0.10877297551976549,False,False,False,-0.1405343074780926
0001081,rule_3,fall_hazard,blur,16.0,-,False,0.35585999651570693,0.10877297551976549,False,False,False,-0.19229120849551096
0001081,rule_3,fall_hazard,gamma,1.5,-,False,1.0,0.0,False,False,False,0.0027631765031920774
0001081,rule_3,fall_hazard,gamma,2.5,-,False,1.0,0.0,False,False,False,-0.00944040110334754
0001081,rule_3,fall_hazard,gamma,4.0,-,False,0.5532901015294014,0.054601471277705906,False,False,False,-0.02597502762052628
0001081,rule_3,fall_hazard,contrast,0.15,-,False,0.6112707175904956,0.05755215202454029,False,False,False,-0.03446975376989159
0001081,rule_3,fall_hazard,contrast,0.3,-,False,0.6133821738971764,0.057851620252499465,False,False,False,-0.041139233923916385
0001081,rule_3,fall_hazard,contrast,0.5,-,False,0.9878345486739332,0.0015,False,False,False,-0.004357996113997509
0001081,rule_3,fall_hazard,occlude,0.1,center,False,0.2791227381886316,0.11957228377581389,False,False,False,-0.07450869513143388
0001081,rule_3,fall_hazard,occlude,0.1,random,False,0.9915141393319369,0.0009848797895723514,False,False,False,-0.025064294392775244
0001081,rule_3,fall_hazard,occlude,0.2,center,True,0.25554820259891875,0.22918823771228836,False,False,False,-0.09521502918297686
0001081,rule_3,fall_hazard,occlude,0.2,random,False,0.9915141393319369,0.0009848797895723514,False,False,False,-0.021195045905187726
0001081,rule_3,fall_hazard,occlude,0.35,center,True,0.19607943096271208,0.25455845129744414,False,False,False,-0.0978666750514614
0001081,rule_3,fall_hazard,occlude,0.35,random,True,0.3459030476916974,0.19414799455328557,False,False,False,-0.08491586152065012
0001081,rule_3,fall_hazard,occlude_targeted,,object,True,0.001996798413665122,0.17636056637857758,False,False,False,-0.07467368494586224
0001117,rule_1,ppe_violation,blur,4.0,-,False,0.3361343915237799,0.003841877084351679,False,False,False,0.038359117960291234
0001117,rule_1,ppe_violation,blur,8.0,-,False,0.0012578616725203334,0.0536656295834133,False,False,False,0.06671865783365705
0001117,rule_1,ppe_violation,blur,16.0,-,False,0.0004819257655758527,0.08553735063214599,False,False,False,0.015154075077069673
0001117,rule_1,ppe_violation,gamma,1.5,-,False,1.0,0.0,False,False,False,0.0009961798787117004
0001117,rule_1,ppe_violation,gamma,2.5,-,False,0.8026763681268373,0.0002999979654947917,False,False,False,0.01216396516455076
0001117,rule_1,ppe_violation,gamma,4.0,-,False,0.7384626941564907,0.0002999979654947917,False,False,False,0.023108193783887843
0001117,rule_1,ppe_violation,contrast,0.15,-,False,0.4597703628295274,0.0026832906715990664,False,False,False,-9.200336145498422e-05
0001117,rule_1,ppe_violation,contrast,0.3,-,False,0.9166659602424448,0.0,False,False,False,0.0044145719813448725
0001117,rule_1,ppe_violation,contrast,0.5,-,False,0.9583329801212224,0.00040000406901041666,False,False,False,0.0010935742674128557
0001117,rule_1,ppe_violation,occlude,0.1,center,False,0.0,0.2768903315994184,False,False,False,0.06533068092539907
0001117,rule_1,ppe_violation,occlude,0.1,random,False,0.0012660431372997036,0.05035086794486803,False,False,False,0.034369267456765606
0001117,rule_1,ppe_violation,occlude,0.2,center,True,0.0,0.2764348995819243,False,False,False,0.058352232511554414
0001117,rule_1,ppe_violation,occlude,0.2,random,False,0.0,0.27723134420633155,False,False,False,0.059379078647387895
0001117,rule_1,ppe_violation,occlude,0.35,center,True,0.0,0.2766106534078085,False,False,False,0.05865476832592054
0001117,rule_1,ppe_violation,occlude,0.35,random,False,0.0,0.16790595666703204,False,False,False,0.015003966433661309
0001117,rule_1,ppe_violation,occlude_targeted,,object,False,0.483871014051544,0.0028635535554674043,False,False,False,0.05301498009690209
0001151,rule_1,ppe_violation,blur,4.0,-,False,0.0,0.20529494854827857,False,False,False,-0.12203202695984927
0001151,rule_1,ppe_violation,blur,8.0,-,False,0.0,0.20446272347898936,False,False,False,-0.20121210114828825
0001151,rule_1,ppe_violation,blur,16.0,-,False,0.00045180509007102654,0.09555647913396838,False,False,False,-0.20625497846465024
0001151,rule_1,ppe_violation,gamma,1.5,-,True,0.0,0.24313751192901378,False,False,False,-0.037155032557036116
0001151,rule_1,ppe_violation,gamma,2.5,-,True,0.0,0.24165107040499711,False,False,False,-0.04045266977378292
0001151,rule_1,ppe_violation,gamma,4.0,-,True,0.0,0.2416162449036293,False,False,False,-0.02567562307896354
0001151,rule_1,ppe_violation,contrast,0.15,-,False,0.4536290169245936,0.003324157623478828,False,False,False,-0.02001323870250149
0001151,rule_1,ppe_violation,contrast,0.3,-,False,0.6944444935017687,0.0007999928792317709,False,False,False,-0.0014542936613516355
0001151,rule_1,ppe_violation,contrast,0.5,-,False,0.6696423412901772,0.00039998372395833335,False,False,False,-0.00843904593161171
0001151,rule_1,ppe_violation,occlude,0.1,center,False,0.0,0.2427064922770561,False,True,False,-0.0829713957967585
0001151,rule_1,ppe_violation,occlude,0.1,random,False,1.0,0.0,False,False,False,0.0017932240319039616
0001151,rule_1,ppe_violation,occlude,0.2,center,False,0.0,0.2427064922770561,False,True,False,-0.09508741999577197
0001151,rule_1,ppe_violation,occlude,0.2,random,False,0.9109302592880587,0.0005000076294204009,False,False,False,-0.08604921667150911
0001151,rule_1,ppe_violation,occlude,0.35,center,True,,,True,True,True,-0.09272441109847074
0001151,rule_1,ppe_violation,occlude,0.35,random,False,0.0,0.2427064922770561,False,True,False,-0.08674618431397685
0001151,rule_1,ppe_violation,occlude_targeted,,object,False,0.0,0.2431040099930124,False,True,False,-0.106188281382956
0001194,rule_3,fall_hazard,blur,4.0,-,True,0.00829979835733745,0.3684708575303093,False,False,False,-0.07189337124249762
0001194,rule_3,fall_hazard,blur,8.0,-,True,0.008273323898967044,0.36821234924725704,False,False,False,-0.16285205530849378
0001194,rule_3,fall_hazard,blur,16.0,-,True,0.008194903410155755,0.3674416029448862,False,False,False,-0.2210237131962045
0001194,rule_3,fall_hazard,gamma,1.5,-,False,0.9354842943820298,0.0,False,False,False,-0.008547271601855755
0001194,rule_3,fall_hazard,gamma,2.5,-,False,0.9566548088196664,0.0008543977552035235,False,False,False,0.030870606923209754
0001194,rule_3,fall_hazard,gamma,4.0,-,False,0.9267474937983479,0.0010000020345238348,False,False,False,0.03318314393982291
0001194,rule_3,fall_hazard,contrast,0.15,-,True,0.0,0.3338148320832368,False,False,False,0.045161278918385506
0001194,rule_3,fall_hazard,contrast,0.3,-,False,0.9881657111024637,0.0007999979654947916,False,False,False,0.04516034739624175
0001194,rule_3,fall_hazard,contrast,0.5,-,False,0.9282762955210818,0.0010000020345238348,False,False,False,0.0011451812461018562
0001194,rule_3,fall_hazard,occlude,0.1,center,False,0.865753155335912,0.0007211091265744367,False,False,False,0.001301116243537015
0001194,rule_3,fall_hazard,occlude,0.1,random,False,0.9298825354628585,0.00040000406901041666,False,False,False,0.017703960250530892
0001194,rule_3,fall_hazard,occlude,0.2,center,True,0.865753155335912,0.0007211091265744367,False,True,True,-0.07064315562064838
0001194,rule_3,fall_hazard,occlude,0.2,random,False,0.8605377882247551,0.001000000000012935,False,False,False,0.0030417101723807516
0001194,rule_3,fall_hazard,occlude,0.35,center,True,0.865753155335912,0.0007211091265744367,False,True,True,-0.0673391833328284
0001194,rule_3,fall_hazard,occlude,0.35,random,True,0.0,0.42318007946038766,False,False,False,-0.15667881544392848
0001194,rule_3,fall_hazard,occlude_targeted,,object,False,0.695926512198657,0.0026832815730007116,False,False,False,-0.018028844547058887
0001229,rule_3,fall_hazard,blur,4.0,-,True,,,False,False,False,0.05102645821901619
0001229,rule_3,fall_hazard,blur,8.0,-,True,,,False,False,False,-0.08292803044120467
0001229,rule_3,fall_hazard,blur,16.0,-,True,,,False,False,False,-0.049052709189457255
0001229,rule_3,fall_hazard,gamma,1.5,-,True,,,False,False,False,0.09987071402637027
0001229,rule_3,fall_hazard,gamma,2.5,-,True,,,False,False,False,0.10189293302773017
0001229,rule_3,fall_hazard,gamma,4.0,-,True,,,False,False,False,0.08362525839003776
0001229,rule_3,fall_hazard,contrast,0.15,-,True,,,False,False,False,0.10212052356274359
0001229,rule_3,fall_hazard,contrast,0.3,-,True,,,False,False,False,0.1046343289227003
0001229,rule_3,fall_hazard,contrast,0.5,-,True,,,False,False,False,0.10530154673116543
0001229,rule_3,fall_hazard,occlude,0.1,center,False,,,False,False,False,0.0054830192782722165
0001229,rule_3,fall_hazard,occlude,0.1,random,False,,,False,False,False,-0.008199499981416447
0001229,rule_3,fall_hazard,occlude,0.2,center,False,,,False,False,False,0.016227681988051912
0001229,rule_3,fall_hazard,occlude,0.2,random,False,,,False,False,False,0.01156064814754898
0001229,rule_3,fall_hazard,occlude,0.35,center,False,,,False,False,False,-0.005348276940512098
0001229,rule_3,fall_hazard,occlude,0.35,random,False,,,False,False,False,0.009662463595824566
0001274,rule_3,fall_hazard,blur,4.0,-,False,0.9703818349740327,0.0021377532363053555,False,False,False,0.07201550510264454
0001274,rule_3,fall_hazard,blur,8.0,-,False,0.13743318038606842,0.2858696896906563,False,False,False,0.05592595619548646
0001274,rule_3,fall_hazard,blur,16.0,-,False,0.13743318038606842,0.2858696896906563,False,False,False,-0.012826999111173576
0001274,rule_3,fall_hazard,gamma,1.5,-,False,1.0,0.0,False,False,False,-0.01830670383891886
0001274,rule_3,fall_hazard,gamma,2.5,-,False,0.9918032214069304,0.0006000041961669922,False,False,False,0.022487931485687063
0001274,rule_3,fall_hazard,gamma,4.0,-,False,0.9795081838007021,0.0015000009536743164,False,False,False,0.05311850272119045
0001274,rule_3,fall_hazard,contrast,0.15,-,False,1.0,0.0,False,False,False,0.051960398043905065
0001274,rule_3,fall_hazard,contrast,0.3,-,False,0.9959184035504727,0.00029999732971191406,False,False,False,0.05287956047270981
0001274,rule_3,fall_hazard,contrast,0.5,-,False,0.9959184035504727,0.00029999732971191406,False,False,False,0.04892610319490942
0001274,rule_3,fall_hazard,occlude,0.1,center,False,1.0,0.0,False,False,False,-0.029863208266241226
0001274,rule_3,fall_hazard,occlude,0.1,random,True,1.0,0.0,False,False,False,-0.0022203590986983324
0001274,rule_3,fall_hazard,occlude,0.2,center,False,0.9982175128954285,0.0003999900817871094,False,False,False,-0.031590528387044126
0001274,rule_3,fall_hazard,occlude,0.2,random,False,1.0,0.0,False,False,False,-0.000453469742621615
0001274,rule_3,fall_hazard,occlude,0.35,center,True,0.8839601444774124,0.02440736230872953,False,False,False,-0.019868441857397556
0001274,rule_3,fall_hazard,occlude,0.35,random,True,0.8324420472821893,0.03760000228881836,False,False,False,-0.006581591043089086
0001274,rule_3,fall_hazard,occlude_targeted,,object,False,0.0,0.5824007501447521,False,False,False,0.02905011536287405
0001325,rule_4,struck_by_risk,blur,4.0,-,False,0.9872462830227967,0.00199999694824277,False,False,False,0.05256823852421744
0001325,rule_4,struck_by_risk,blur,8.0,-,False,0.8905626402164859,0.03007341263023341,False,False,False,0.11635537658418926
0001325,rule_4,struck_by_risk,blur,16.0,-,False,0.5866161216604816,0.010965860363861485,False,False,False,0.2074203678545038
0001325,rule_4,struck_by_risk,gamma,1.5,-,False,0.9961980421670019,0.0008543870398753437,False,False,False,0.004261671077637419
0001325,rule_4,struck_by_risk,gamma,2.5,-,False,0.9973741879047933,0.0004999918622440805,False,False,False,0.017182218768293844
0001325,rule_4,struck_by_risk,gamma,4.0,-,False,0.9947579881001806,0.0005999959312536754,False,False,False,0.027930432960154516
0001325,rule_4,struck_by_risk,contrast,0.15,-,False,0.9985486309757811,0.0002999979654947917,False,False,False,0.025873935648373148
0001325,rule_4,struck_by_risk,contrast,0.3,-,False,0.9961980912073745,0.0008543834679634425,False,False,False,0.011546812951564789
0001325,rule_4,struck_by_risk,contrast,0.5,-,False,1.0,0.0,False,False,False,0.004413669071500204
0001325,rule_4,struck_by_risk,occlude,0.1,center,False,0.9985486309757811,0.0002999979654947917,False,False,False,0.006399301545960467
0001325,rule_4,struck_by_risk,occlude,0.1,random,False,1.0,0.0,False,False,False,0.008654462203146918
0001325,rule_4,struck_by_risk,occlude,0.2,center,False,0.9985486309757811,0.0002999979654947917,False,False,False,0.013518814766217746
0001325,rule_4,struck_by_risk,occlude,0.2,random,False,0.9964747596598874,0.0011999918619791667,False,False,False,0.023809907928345586
0001325,rule_4,struck_by_risk,occlude,0.35,center,False,0.9927640852012142,0.0015000050862630208,False,False,False,0.10966859681484031
0001325,rule_4,struck_by_risk,occlude,0.35,random,False,0.5987125818416269,0.08280096413854214,False,False,False,0.07599785214378718
0001325,rule_4,struck_by_risk,occlude_targeted,,object,True,0.0002124235431529756,0.3192000128220906,False,False,False,0.06873537883872072
0001431,rule_1,ppe_violation,blur,4.0,-,True,0.0,0.12480576709652201,False,False,False,0.05684578119377992
0001431,rule_1,ppe_violation,blur,8.0,-,True,6.024082605828991e-05,0.4185592245648917,False,False,False,0.06217086878383438
0001431,rule_1,ppe_violation,blur,16.0,-,True,6.024082605828991e-05,0.4185592245648917,False,False,False,0.006262428062721925
0001431,rule_1,ppe_violation,gamma,1.5,-,False,0.9166649006061119,0.0003000068664550781,False,False,False,-0.003362540288695315
0001431,rule_1,ppe_violation,gamma,2.5,-,False,0.8461549747642709,0.0005999946594238281,False,False,False,-0.012155800126492977
0001431,rule_1,ppe_violation,gamma,4.0,-,False,0.6666666894323304,0.000984887140654788,False,False,False,0.0021426532683627153
0001431,rule_1,ppe_violation,contrast,0.15,-,False,1.0,0.0,False,False,False,0.009144443752510112
0001431,rule_1,ppe_violation,contrast,0.3,-,False,1.0,0.0,False,False,False,-0.011902883382780338
0001431,rule_1,ppe_violation,contrast,0.5,-,False,1.0,0.0,False,False,False,-0.011090804423604772
0001431,rule_1,ppe_violation,occlude,0.1,center,False,1.0,0.0,False,False,False,-0.008804136088916281
0001431,rule_1,ppe_violation,occlude,0.1,random,False,1.0,0.0,False,False,False,-0.0027657962803330216
0001431,rule_1,ppe_violation,occlude,0.2,center,False,1.0,0.0,False,False,False,-0.011720919715506817
0001431,rule_1,ppe_violation,occlude,0.2,random,False,1.0,0.0,False,False,False,-0.004500751782740897
0001431,rule_1,ppe_violation,occlude,0.35,center,False,0.7692333035220946,0.0004999926091184413,False,False,False,-0.012627096846699715
0001431,rule_1,ppe_violation,occlude,0.35,random,False,0.8333333617904131,0.00039999991655349733,False,False,False,-0.016570867438401526
0001431,rule_1,ppe_violation,occlude_targeted,,object,True,0.0,0.09201222797464238,False,False,False,0.006755404041281721
0001436,rule_3,fall_hazard,blur,4.0,-,False,0.11961689826075823,0.14637062395051836,False,False,False,0.07584456879911683
0001436,rule_3,fall_hazard,blur,8.0,-,False,0.021116379142248703,0.40077338397052376,False,False,False,-0.018723055786852294
0001436,rule_3,fall_hazard,blur,16.0,-,False,0.021116379142248703,0.40077338397052376,False,False,False,-0.0351515986605897
0001436,rule_3,fall_hazard,gamma,1.5,-,False,1.0,0.0,False,False,False,0.018190181414995843
0001436,rule_3,fall_hazard,gamma,2.5,-,False,0.15437442866215903,0.14837049636326274,False,False,False,0.043107632248263306
0001436,rule_3,fall_hazard,gamma,4.0,-,False,0.021116379142248703,0.40077338397052376,False,False,False,0.06496781944519003
0001436,rule_3,fall_hazard,contrast,0.15,-,False,0.15340629668226832,0.14858724511343632,False,False,False,0.014615505767453962
0001436,rule_3,fall_hazard,contrast,0.3,-,False,0.9696634802611784,0.0009999979655011299,False,False,False,0.012389551315988845
0001436,rule_3,fall_hazard,contrast,0.5,-,False,0.9777777649002318,0.000800000508626302,False,False,False,0.009801384261144075
0001436,rule_3,fall_hazard,occlude,0.1,center,False,1.0,0.0,False,False,False,0.0031145588893976006
0001436,rule_3,fall_hazard,occlude,0.1,random,False,1.0,0.0,False,False,False,0.00905581816498724
0001436,rule_3,fall_hazard,occlude,0.2,center,False,0.9887640736763539,0.0003999989827473958,False,False,False,-0.013150873593986034
0001436,rule_3,fall_hazard,occlude,0.2,random,False,0.9887640736763539,0.0003999989827473958,False,False,False,0.0009287468024663514
0001436,rule_3,fall_hazard,occlude,0.35,center,False,0.3314474870018729,0.06308597359067596,False,False,False,-0.010790299557681626
0001436,rule_3,fall_hazard,occlude,0.35,random,True,,,True,False,False,-0.042345498156334704
0001436,rule_3,fall_hazard,occlude_targeted,,object,False,0.0,0.22944315078956515,False,False,False,0.00787178120974985
0001460,rule_1,ppe_violation,blur,4.0,-,False,0.25369950099816496,0.003231095861904476,False,False,False,0.03727228992751663
0001460,rule_1,ppe_violation,blur,8.0,-,False,0.0006024069516380891,0.2292115444118999,False,False,False,-0.12072875427719199
0001460,rule_1,ppe_violation,blur,16.0,-,False,0.0006024069516380891,0.2292115444118999,False,False,False,-0.06941778145859512
0001460,rule_1,ppe_violation,gamma,1.5,-,False,0.958332891817259,0.00040000406901041666,False,False,False,0.0005910552239842826
0001460,rule_1,ppe_violation,gamma,2.5,-,False,0.958332891817259,0.00040000406901041666,False,False,False,0.026289186972592526
0001460,rule_1,ppe_violation,gamma,4.0,-,False,0.0,0.3909018483342962,False,False,False,0.09332080065671877
0001460,rule_1,ppe_violation,contrast,0.15,-,False,0.44642824254448266,0.0028160338043100217,False,False,False,0.011317702808550378
0001460,rule_1,ppe_violation,contrast,0.3,-,False,0.958332891817259,0.00040000406901041666,False,False,False,0.010580817104450246
0001460,rule_1,ppe_violation,contrast,0.5,-,False,0.958332891817259,0.00040000406901041666,False,False,False,0.00786114217979561
0001460,rule_1,ppe_violation,occlude,0.1,center,False,1.0,0.0,False,False,False,-0.0038467049598693848
0001460,rule_1,ppe_violation,occlude,0.1,random,True,0.0,0.16632164124905305,False,False,False,0.03546534146049185
0001460,rule_1,ppe_violation,occlude,0.2,center,False,0.9599995930989583,0.00040000406901041666,False,False,False,-0.005891347037894512
0001460,rule_1,ppe_violation,occlude,0.2,random,False,0.0,0.3191915581717441,False,False,False,0.06825395101415255
0001460,rule_1,ppe_violation,occlude,0.35,center,False,0.588234927460928,0.0017000032313441694,False,False,False,-0.007912569147135562
0001460,rule_1,ppe_violation,occlude,0.35,random,False,0.588234927460928,0.0017000032313441694,False,False,False,-0.020365513462041185
0001460,rule_1,ppe_violation,occlude_targeted,,object,True,0.0,0.16632164533160076,False,False,False,0.05331172205374701
0001470,rule_1,ppe_violation,blur,4.0,-,False,0.00013554223436889823,0.2788079087138173,False,False,False,0.10570480905118446
0001470,rule_1,ppe_violation,blur,8.0,-,False,0.00025100282047847125,0.3049328522646567,False,False,False,0.08867426037594872
0001470,rule_1,ppe_violation,blur,16.0,-,False,0.00013554223436889823,0.2788079087138173,False,False,False,0.01644038047955998
0001470,rule_1,ppe_violation,gamma,1.5,-,False,1.0,0.0,False,False,False,-0.00829216066215721
0001470,rule_1,ppe_violation,gamma,2.5,-,False,0.9375003973644669,0.0002999979654947917,False,False,False,-0.016597405209073046
0001470,rule_1,ppe_violation,gamma,4.0,-,False,0.36000162760416665,0.0010000040690435303,False,False,False,-0.030890569889119646
0001470,rule_1,ppe_violation,contrast,0.15,-,False,0.6617685887850239,0.0007211175906056468,False,False,False,0.007696856478495273
0001470,rule_1,ppe_violation,contrast,0.3,-,False,0.9333337854456019,0.0002999979654947917,False,False,False,0.02118419975574526
0001470,rule_1,ppe_violation,contrast,0.5,-,False,1.0,0.0,False,False,False,0.014896917156875134
0001470,rule_1,ppe_violation,occlude,0.1,center,False,0.9375003973644669,0.0002999979654947917,False,False,False,0.0008712148826036659
0001470,rule_1,ppe_violation,occlude,0.1,random,False,1.0,0.0,False,False,False,0.004248318927628669
0001470,rule_1,ppe_violation,occlude,0.2,center,False,0.6459351067974639,2.2746459732053527e-08,False,False,False,-0.0005217501893639565
0001470,rule_1,ppe_violation,occlude,0.2,random,False,1.0,0.0,False,False,False,0.0025534804112145038
0001470,rule_1,ppe_violation,occlude,0.35,center,False,0.43831199070566046,0.0005000183108117748,False,False,False,-0.0040482647850045295
0001470,rule_1,ppe_violation,occlude,0.35,random,False,0.8437541723269028,0.000499985758529771,False,False,False,0.012886405656380329
0001470,rule_1,ppe_violation,occlude_targeted,,object,False,0.0,0.033195784629795465,False,False,False,0.03506476325648167
0001484,rule_3,fall_hazard,blur,4.0,-,False,0.017225436289121432,0.16472796059572611,False,False,False,0.09955229989386027
0001484,rule_3,fall_hazard,blur,8.0,-,False,0.13437193647862591,0.31317920745636124,False,False,False,0.02272341302817782
0001484,rule_3,fall_hazard,blur,16.0,-,False,0.13437193647862591,0.31317920745636124,False,False,False,-0.28116846191031597
0001484,rule_3,fall_hazard,gamma,1.5,-,False,0.9973545377927183,0.0004357811189686381,False,False,False,0.006431492245090875
0001484,rule_3,fall_hazard,gamma,2.5,-,False,0.03262785062401728,0.22339585705126563,False,False,False,0.022021628317556163
0001484,rule_3,fall_hazard,gamma,4.0,-,False,0.03262785062401728,0.22339585705126563,False,False,False,0.03633764412786278
0001484,rule_3,fall_hazard,contrast,0.15,-,False,0.9917670915854294,0.0006559446928661015,False,False,False,0.022917295872632915
0001484,rule_3,fall_hazard,contrast,0.3,-,False,1.0,0.0,False,False,False,0.01237648838598815
0001484,rule_3,fall_hazard,contrast,0.5,-,False,1.0,0.0,False,False,False,0.005434460139700392
0001484,rule_3,fall_hazard,occlude,0.1,center,False,1.0,0.0,False,False,False,0.005774873707975581
0001484,rule_3,fall_hazard,occlude,0.1,random,False,0.9971909348945599,0.00024513726940991596,False,False,False,-0.0003384023106524081
0001484,rule_3,fall_hazard,occlude,0.2,center,False,0.0,0.3997381762016336,False,False,False,0.04540935786465161
0001484,rule_3,fall_hazard,occlude,0.2,random,False,0.9943977332076368,0.0004902634561637711,False,False,False,-0.0016941158100962639
0001484,rule_3,fall_hazard,occlude,0.35,center,False,0.0,0.5359471217121318,False,False,False,0.05809837462404721
0001484,rule_3,fall_hazard,occlude,0.35,random,False,0.9943977332076368,0.0004902634561637711,False,False,False,-0.0068802342949702
0001484,rule_3,fall_hazard,occlude_targeted,,object,False,0.0,0.232188236953233,False,False,False,0.07094371122574172
0001512,rule_4,struck_by_risk,blur,4.0,-,False,0.9292007279663915,0.011511729362848975,False,False,False,0.03766062453625685
0001512,rule_4,struck_by_risk,blur,8.0,-,False,0.9354252502736301,0.009999982910159239,False,False,False,0.08251568216771354
0001512,rule_4,struck_by_risk,blur,16.0,-,False,0.9384776942304011,0.006118820822829643,False,False,False,0.0692505663231251
0001512,rule_4,struck_by_risk,gamma,1.5,-,False,1.0,0.0,False,False,False,-0.0011226467433430587
0001512,rule_4,struck_by_risk,gamma,2.5,-,False,0.9914772577440105,0.0018000030517578126,False,False,False,0.005843120582756489
0001512,rule_4,struck_by_risk,gamma,4.0,-,False,0.9367976532775087,0.0129061998003568,False,False,False,0.03179725256585875
0001512,rule_4,struck_by_risk,contrast,0.15,-,False,0.9346590723681591,0.013800003051757813,False,False,False,0.04551867475467064
0001512,rule_4,struck_by_risk,contrast,0.3,-,False,0.997163067592397,5.086263020833333e-09,False,False,False,0.008026736004957957
0001512,rule_4,struck_by_risk,contrast,0.5,-,False,0.998579506867515,0.00030000813802083336,False,False,False,0.003581886785843924
0001512,rule_4,struck_by_risk,occlude,0.1,center,False,0.9933332713305115,0.0009848725595805782,False,False,False,0.0025213000527213314
0001512,rule_4,struck_by_risk,occlude,0.1,random,False,0.9961768226803049,0.0004999888103703692,False,False,False,0.016957884063086737
0001512,rule_4,struck_by_risk,occlude,0.2,center,False,0.9933332713305115,0.0009848725595805782,False,False,False,0.005603144980139141
0001512,rule_4,struck_by_risk,occlude,0.2,random,False,0.42546672388868945,0.11518558286945972,False,False,False,0.007761444246011995
0001512,rule_4,struck_by_risk,occlude,0.35,center,False,0.2615298757768893,0.11904369417590874,False,False,False,0.016356708274947174
0001512,rule_4,struck_by_risk,occlude,0.35,random,False,0.9975903369336722,0.00040000406901041666,False,False,False,0.008718718907662737
0001512,rule_4,struck_by_risk,occlude_targeted,,object,False,0.9704905549610489,0.0007211218226378093,False,False,False,0.002037621561496894
0001520,rule_3,fall_hazard,blur,4.0,-,False,0.7805611152945318,0.08760000813007354,False,False,False,-0.021273312979333436
0001520,rule_3,fall_hazard,blur,8.0,-,False,0.7805611152945318,0.08760000813007354,False,False,False,-0.042393360087381815
0001520,rule_3,fall_hazard,blur,16.0,-,False,0.7805611152945318,0.08760000813007354,False,False,False,-0.14109051925859917
0001520,rule_3,fall_hazard,gamma,1.5,-,False,0.9974326125683315,0.0007999979654947916,False,False,False,-0.0016495054587721825
0001520,rule_3,fall_hazard,gamma,2.5,-,False,0.6134399700264451,0.11550069261747839,False,False,False,-0.00796511605204564
0001520,rule_3,fall_hazard,gamma,4.0,-,False,0.6134399700264451,0.11550069261747839,False,False,False,-0.028874852949575924
0001520,rule_3,fall_hazard,contrast,0.15,-,False,0.7805611152945318,0.08760000813007354,False,False,False,0.0022654958911949574
0001520,rule_3,fall_hazard,contrast,0.3,-,False,0.6142284411904056,0.1155,False,False,False,0.014180385574166343
0001520,rule_3,fall_hazard,contrast,0.5,-,False,1.0,0.0,False,False,False,0.01270185626067577
0001520,rule_3,fall_hazard,occlude,0.1,center,False,0.6142284411904056,0.1155,False,False,False,0.003829601886017109
0001520,rule_3,fall_hazard,occlude,0.1,random,False,0.6142284411904056,0.1155,False,False,False,-0.015694309513838434
0001520,rule_3,fall_hazard,occlude,0.2,center,False,1.0,0.0,False,False,False,-0.009464405676615995
0001520,rule_3,fall_hazard,occlude,0.2,random,False,0.9974326125683315,0.0007999979654947916,False,False,False,-0.028578616412622493
0001520,rule_3,fall_hazard,occlude,0.35,center,False,1.0,0.0,False,False,False,-0.01653541348475418
0001520,rule_3,fall_hazard,occlude,0.35,random,True,0.5994865159844458,0.12480000813802083,False,False,False,-0.12667236763185685
0001520,rule_3,fall_hazard,occlude_targeted,,object,False,0.003005991454445373,0.3980000325441361,False,False,False,-0.03955903004056638
0001530,rule_2,fall_hazard,blur,4.0,-,True,0.0,0.2851197748475448,False,False,False,-0.0012386424600012713
0001530,rule_2,fall_hazard,blur,8.0,-,False,0.04843875923990359,0.08428718639294584,False,False,False,-0.07977252150885761
0001530,rule_2,fall_hazard,blur,16.0,-,True,0.006794153170505449,0.04982058015561357,False,False,False,-0.0972242936778216
0001530,rule_2,fall_hazard,gamma,1.5,-,False,0.6956716231405393,0.009008883780992603,False,False,False,0.0008257676714233941
0001530,rule_2,fall_hazard,gamma,2.5,-,True,0.0,0.28412563632449245,False,False,False,0.09459938802574952
0001530,rule_2,fall_hazard,gamma,4.0,-,True,0.0,0.2837086800087468,False,False,False,0.003731909939753253
0001530,rule_2,fall_hazard,contrast,0.15,-,True,0.0,0.2856077148891452,False,False,False,0.024387603958270443
0001530,rule_2,fall_hazard,contrast,0.3,-,True,0.0,0.28526662059955044,False,False,False,0.03184885658057679
0001530,rule_2,fall_hazard,contrast,0.5,-,False,0.7247480384132525,0.0081098758225032,False,False,False,0.010858025667922933
0001530,rule_2,fall_hazard,occlude,0.1,center,True,0.0,0.2844854914411188,False,False,False,0.03350263930760433
0001530,rule_2,fall_hazard,occlude,0.1,random,True,0.0,0.2854512119167929,False,False,False,-0.003526766984058183
0001530,rule_2,fall_hazard,occlude,0.2,center,True,0.0,0.2844854914411188,False,False,False,-0.014381950787667686
0001530,rule_2,fall_hazard,occlude,0.2,random,True,0.0,0.2856077148891452,False,False,False,-0.012628129483865713
0001530,rule_2,fall_hazard,occlude,0.35,center,True,0.0,0.3236388030752147,False,False,False,-0.03533744226608948
0001530,rule_2,fall_hazard,occlude,0.35,random,True,0.0,0.324441970559825,False,False,False,-0.03586598711886568
0001530,rule_2,fall_hazard,occlude_targeted,,object,True,0.0,0.2854512119167929,False,False,False,-0.008974721921341633
0001597,rule_3,fall_hazard,blur,4.0,-,False,0.5551018671080757,0.029099994235568576,False,False,False,0.013101662553491988
0001597,rule_3,fall_hazard,blur,8.0,-,False,0.26824451119070586,0.11009999829861852,False,False,False,0.07002296886362491
0001597,rule_3,fall_hazard,blur,16.0,-,False,0.1362725206920928,0.03719999288519223,False,False,False,0.05618270632137601
0001597,rule_3,fall_hazard,gamma,1.5,-,False,0.9852942979200129,0.0005999925401475694,False,False,False,-0.005773748437474802
0001597,rule_3,fall_hazard,gamma,2.5,-,False,0.9852942979200129,0.0005999925401475694,False,False,False,0.020682935647311607
0001597,rule_3,fall_hazard,gamma,4.0,-,False,0.9852942979200129,0.0005999925401475694,False,False,False,0.008987014935839754
0001597,rule_3,fall_hazard,contrast,0.15,-,False,0.9855070178754286,0.0006000094943576389,False,False,False,0.027680392465775916
0001597,rule_3,fall_hazard,contrast,0.3,-,False,0.9855070178754286,0.0006000094943576389,False,False,False,0.008748566133103153
0001597,rule_3,fall_hazard,contrast,0.5,-,False,0.9710144452728163,0.0012000020345052083,False,False,False,-0.001425367247845366
0001597,rule_3,fall_hazard,occlude,0.1,center,False,0.0,0.1986736299376224,False,False,False,0.015874840651771804
0001597,rule_3,fall_hazard,occlude,0.1,random,False,0.9852942979200129,0.0005999925401475694,False,False,False,0.026911928052348766
0001597,rule_3,fall_hazard,occlude,0.2,center,False,0.1362725206920928,0.03719999288519223,False,False,False,0.06051734757500815
0001597,rule_3,fall_hazard,occlude,0.2,random,False,0.1362725206920928,0.03719999288519223,False,False,False,0.021792473118284583
0001597,rule_3,fall_hazard,occlude,0.35,center,False,0.0,0.21390000474121834,False,True,False,-0.04574953765018186
0001597,rule_3,fall_hazard,occlude,0.35,random,False,0.3955707265427807,0.21724061611803006,False,False,False,0.004681553957717743
0001597,rule_3,fall_hazard,occlude_targeted,,object,True,,,True,False,False,-0.018168156500905752
0001623,rule_3,fall_hazard,blur,4.0,-,False,0.8081761958584804,0.01829998779296875,False,False,False,0.10473897012184452
0001623,rule_3,fall_hazard,blur,8.0,-,False,0.35650219691504265,0.1722000045776367,False,False,False,0.01045502700088985
0001623,rule_3,fall_hazard,blur,16.0,-,False,0.352941132195049,0.1749000040690104,False,False,False,0.06869361518622175
0001623,rule_3,fall_hazard,gamma,1.5,-,False,1.0,0.0,False,False,False,0.0036053671834193057
0001623,rule_3,fall_hazard,gamma,2.5,-,False,0.9906541621693108,0.0009000040690104167,False,False,False,0.009289135990132147
0001623,rule_3,fall_hazard,gamma,4.0,-,False,0.8522012752980315,0.014099995930989583,False,False,False,-0.005115665761487809
0001623,rule_3,fall_hazard,contrast,0.15,-,False,0.9814813962065265,0.0018000081380208333,False,False,False,-0.021671784509505576
0001623,rule_3,fall_hazard,contrast,0.3,-,False,0.9845201212388942,0.0015,False,False,False,-0.0348614442627877
0001623,rule_3,fall_hazard,contrast,0.5,-,False,0.9845201212388942,0.0015,False,False,False,-0.01648970374039238
0001623,rule_3,fall_hazard,occlude,0.1,center,False,0.9905662067347679,0.0008999837239583333,False,False,False,-0.003350168865706271
0001623,rule_3,fall_hazard,occlude,0.1,random,False,1.0,0.0,False,False,False,-0.013167927041649818
0001623,rule_3,fall_hazard,occlude,0.2,center,False,1.0,0.0,False,False,False,0.01170099603145247
0001623,rule_3,fall_hazard,occlude,0.2,random,False,1.0,0.0,False,False,False,0.004460831139502797
0001623,rule_3,fall_hazard,occlude,0.35,center,False,0.0540065813838402,0.34870349009920326,False,False,False,0.11053816012905116
0001623,rule_3,fall_hazard,occlude,0.35,random,False,0.9905662067347679,0.0008999837239583333,False,False,False,-0.01595083298161626
0001623,rule_3,fall_hazard,occlude_targeted,,object,False,0.9845201212388942,0.0015,False,False,False,-0.014024376070925104
0001667,rule_3,fall_hazard,blur,4.0,-,False,0.8241756992866935,5.086263020833333e-09,False,False,False,0.010869468495781964
0001667,rule_3,fall_hazard,blur,8.0,-,False,0.0424164283252563,0.22349999491373698,False,False,False,-0.057075953410406166
0001667,rule_3,fall_hazard,blur,16.0,-,False,0.07515028667601957,0.14489999490976332,False,False,False,-0.19324987177591912
0001667,rule_3,fall_hazard,gamma,1.5,-,False,1.0,0.0,False,False,False,0.0015812536169376168
0001667,rule_3,fall_hazard,gamma,2.5,-,False,0.9736839463506402,0.000600006103515625,False,False,False,0.01638773043773012
0001667,rule_3,fall_hazard,gamma,4.0,-,False,0.9866667540750583,0.0002999979654947917,False,False,False,0.019941864801304665
0001667,rule_3,fall_hazard,contrast,0.15,-,False,0.9868419702400049,0.0003000030517578125,False,False,False,0.02125231216528589
0001667,rule_3,fall_hazard,contrast,0.3,-,False,0.9868419702400049,0.0003000030517578125,False,False,False,0.009511097334325314
0001667,rule_3,fall_hazard,contrast,0.5,-,False,0.9868419702400049,0.0003000030517578125,False,False,False,0.0009744965604373546
0001667,rule_3,fall_hazard,occlude,0.1,center,True,,,True,True,True,-0.04840983098352347
0001667,rule_3,fall_hazard,occlude,0.1,random,False,0.5460921815408197,0.18120001220703125,False,False,False,-0.004879787963415816
0001667,rule_3,fall_hazard,occlude,0.2,center,True,,,True,True,True,-0.09310866646714266
0001667,rule_3,fall_hazard,occlude,0.2,random,False,0.5388110001866482,0.18120026054784683,False,False,False,-0.0373922639659473
0001667,rule_3,fall_hazard,occlude,0.35,center,True,,,True,True,True,-0.06295172330810794
0001667,rule_3,fall_hazard,occlude,0.35,random,True,,,True,True,True,-0.07537824012195837
0001667,rule_3,fall_hazard,occlude_targeted,,object,False,0.0,0.14258840449787,False,False,False,-0.015819227988166484
0001699,rule_2,fall_hazard,blur,4.0,-,False,0.0,0.4360131149355992,False,False,False,-0.014044205525091669
0001699,rule_2,fall_hazard,blur,8.0,-,False,0.004251990877389398,0.2395455460609605,False,False,False,-0.21206523947724143
0001699,rule_2,fall_hazard,blur,16.0,-,False,0.004251990877389398,0.2395455460609605,False,False,False,-0.2686536689268756
0001699,rule_2,fall_hazard,gamma,1.5,-,False,0.9740259704614511,0.000515545533089236,False,False,False,-0.04534215380304618
0001699,rule_2,fall_hazard,gamma,2.5,-,False,0.957178666243242,0.000670331376562161,False,False,False,-0.047523705355290824
0001699,rule_2,fall_hazard,gamma,4.0,-,False,0.5790265880986358,0.008243832797857021,False,False,False,-0.03512644571518264
0001699,rule_2,fall_hazard,contrast,0.15,-,False,0.609951729916707,0.00861999255499697,False,False,False,-0.009418498159253164
0001699,rule_2,fall_hazard,contrast,0.3,-,False,0.9740259704614511,0.000515545533089236,False,False,False,-0.00573357044985251
0001699,rule_2,fall_hazard,contrast,0.5,-,False,1.0,0.0,False,False,False,-0.013245791928576556
0001699,rule_2,fall_hazard,occlude,0.1,center,False,1.0,0.0,False,False,False,0.004739528455372399
0001699,rule_2,fall_hazard,occlude,0.1,random,True,0.0,0.4343930668312876,False,False,False,-0.06385841300444939
0001699,rule_2,fall_hazard,occlude,0.2,center,False,0.8461538282890484,0.0036088187316246517,False,False,False,-0.049199335277080536
0001699,rule_2,fall_hazard,occlude,0.2,random,False,0.0,0.4343930668312876,False,False,False,-0.03207007955227581
0001699,rule_2,fall_hazard,occlude,0.35,center,False,0.004251990877389398,0.2395455460609605,False,False,False,-0.18500773542161497
0001699,rule_2,fall_hazard,occlude,0.35,random,False,1.0,0.0,False,False,False,-0.010195124927642074
0001699,rule_2,fall_hazard,occlude_targeted,,object,True,0.0,0.4343930668312876,False,False,False,-0.06971955419118914
0001798,rule_3,fall_hazard,blur,4.0,-,False,0.0,0.3741011761542591,False,False,False,0.017590295190789806
0001798,rule_3,fall_hazard,blur,8.0,-,False,0.0,0.37570074527474656,False,False,False,0.02443563106602853
0001798,rule_3,fall_hazard,blur,16.0,-,False,0.0,0.37489411838544495,False,False,False,0.02311938282634529
0001798,rule_3,fall_hazard,gamma,1.5,-,False,1.0,0.0,False,False,False,-0.0014183676269438061
0001798,rule_3,fall_hazard,gamma,2.5,-,True,1.0,0.0,False,False,False,-0.016465326039386663
0001798,rule_3,fall_hazard,gamma,4.0,-,True,0.9845706618962433,0.0005,False,False,False,0.007815458279635257
0001798,rule_3,fall_hazard,contrast,0.15,-,False,0.0,0.3737083889879916,False,False,False,-0.0043225706821041765
0001798,rule_3,fall_hazard,contrast,0.3,-,True,0.9845706618962433,0.0005,False,False,False,-0.00038586596825296304
0001798,rule_3,fall_hazard,contrast,0.5,-,True,1.0,0.0,False,False,False,-0.0035297266606774125
0001798,rule_3,fall_hazard,occlude,0.1,center,False,0.9845706618962433,0.0005,False,False,False,0.00476071956966595
0001798,rule_3,fall_hazard,occlude,0.1,random,False,1.0,0.0,False,False,False,0.0037485862017742066
0001798,rule_3,fall_hazard,occlude,0.2,center,False,0.9275491949910555,0.0064070273918565394,False,False,False,0.0028765595385006337
0001798,rule_3,fall_hazard,occlude,0.2,random,False,0.9845706618962433,0.0005,False,False,False,0.0041519024941537586
0001798,rule_3,fall_hazard,occlude,0.35,center,False,0.6767811789867665,0.031201442274356485,False,False,False,-0.027041363662907103
0001798,rule_3,fall_hazard,occlude,0.35,random,False,0.9809143364403018,0.0003,False,False,False,-0.0031028999281781378
0001798,rule_3,fall_hazard,occlude_targeted,,object,False,0.0,0.3733085051267919,False,False,False,-0.007910213034067803
0001804,rule_1,ppe_violation,blur,4.0,-,False,0.9113064460392635,0.0008543931808682645,False,False,False,-0.02325540461710529
0001804,rule_1,ppe_violation,blur,8.0,-,False,0.7181254246270519,0.0016970326513172983,False,False,False,-0.012884268337594706
0001804,rule_1,ppe_violation,blur,16.0,-,False,0.6254183804134484,0.0017087816618455557,False,False,False,0.032330406763191655
0001804,rule_1,ppe_violation,gamma,1.5,-,False,1.0,0.0,False,False,False,0.0028513546234794074
0001804,rule_1,ppe_violation,gamma,2.5,-,False,0.8703123626768532,0.0018439224222228476,False,False,False,0.007585545236776903
0001804,rule_1,ppe_violation,gamma,4.0,-,False,0.6711732397836959,0.004816653037639991,False,False,False,-0.005127642037613178
0001804,rule_1,ppe_violation,contrast,0.15,-,False,0.0,0.21064722915205866,False,False,False,0.06990659888833756
0001804,rule_1,ppe_violation,contrast,0.3,-,False,0.9300399133204377,0.0005000010709068743,False,False,False,0.02480314785082416
0001804,rule_1,ppe_violation,contrast,0.5,-,False,1.0,0.0,False,False,False,0.012178240077836078
0001804,rule_1,ppe_violation,occlude,0.1,center,False,0.008694310602863414,0.08008901225732841,False,False,False,0.010057655894862627
0001804,rule_1,ppe_violation,occlude,0.1,random,False,1.0,0.0,False,False,False,0.0008887355215847492
0001804,rule_1,ppe_violation,occlude,0.2,center,True,0.0,0.21001259686154336,False,False,False,0.011897537125540536
0001804,rule_1,ppe_violation,occlude,0.2,random,False,0.9632559944921086,0.0004999930398506031,False,False,False,-0.002691973266857106
0001804,rule_1,ppe_violation,occlude,0.35,center,False,0.0,0.20983137269687535,False,False,False,0.035491792019456625
0001804,rule_1,ppe_violation,occlude,0.35,random,True,0.0,0.324160227384432,False,False,False,-0.04095660622364716
0001804,rule_1,ppe_violation,occlude_targeted,,object,False,0.6250000099412794,0.0028999970166192577,False,False,False,-0.020575925391832728
0001842,rule_1,ppe_violation,blur,4.0,-,True,0.0,0.2082129650934542,False,False,False,0.04189857774014971
0001842,rule_1,ppe_violation,blur,8.0,-,True,0.0,0.2050988335546355,False,False,False,0.026573536717998003
0001842,rule_1,ppe_violation,blur,16.0,-,True,0.0,0.23548471392934395,False,False,False,-0.011087885725178936
0001842,rule_1,ppe_violation,gamma,1.5,-,False,0.9393943753146803,0.0005999959309895834,False,False,False,-0.004380264252956456
0001842,rule_1,ppe_violation,gamma,2.5,-,False,0.0,0.3839592345835975,False,False,False,0.0020017705724706403
0001842,rule_1,ppe_violation,gamma,4.0,-,False,0.0,0.38370335877656647,False,False,False,-0.007126485396708793
0001842,rule_1,ppe_violation,contrast,0.15,-,False,0.9696971876573401,0.0002999979654947917,False,False,False,0.0012316095110560532
0001842,rule_1,ppe_violation,contrast,0.3,-,False,0.9696971876573401,0.0002999979654947917,False,False,False,0.014206067259822541
0001842,rule_1,ppe_violation,contrast,0.5,-,False,0.9696971876573401,0.0002999979654947917,False,False,False,0.012282511618520453
0001842,rule_1,ppe_violation,occlude,0.1,center,False,0.9374999166815641,0.0005000020345217652,False,False,False,0.005012531565236067
0001842,rule_1,ppe_violation,occlude,0.1,random,False,0.0,0.38321927825759516,False,False,False,-0.00870222388766706
0001842,rule_1,ppe_violation,occlude,0.2,center,False,0.9687502317956934,0.0002999979654947917,False,False,False,-0.010952840293092514
0001842,rule_1,ppe_violation,occlude,0.2,random,False,0.0,0.2572968063344093,False,False,False,-0.04322324633332242
0001842,rule_1,ppe_violation,occlude,0.35,center,False,0.0,0.14223085358696705,False,False,False,-0.03840258478053982
0001842,rule_1,ppe_violation,occlude,0.35,random,False,0.9072571899845336,0.0007211175906056468,False,False,False,0.0048207077862960634
0001842,rule_1,ppe_violation,occlude_targeted,,object,False,0.0,0.2567972262465438,False,False,False,-0.01865967988435724
0001981,rule_3,fall_hazard,blur,4.0,-,True,0.0,0.5515690943623808,False,False,False,0.03895891912647398
0001981,rule_3,fall_hazard,blur,8.0,-,True,0.16446922935823144,0.2919243660421274,False,False,False,0.015011297705184168
0001981,rule_3,fall_hazard,blur,16.0,-,True,0.16446922935823144,0.2919243660421274,False,False,False,0.013164672367597219
0001981,rule_3,fall_hazard,gamma,1.5,-,False,1.0,0.0,False,False,False,-0.002061333241207275
0001981,rule_3,fall_hazard,gamma,2.5,-,True,0.0,0.49584291007413833,False,False,False,0.06139717676809864
0001981,rule_3,fall_hazard,gamma,4.0,-,True,0.0,0.49584291007413833,False,False,False,0.06084072034406873
0001981,rule_3,fall_hazard,contrast,0.15,-,True,0.43364917136627906,0.2240200893055448,False,False,False,-0.0014059780431644464
0001981,rule_3,fall_hazard,contrast,0.3,-,True,0.0,0.495889010836975,False,False,False,0.04948022585761336
0001981,rule_3,fall_hazard,contrast,0.5,-,True,0.0,0.49584291007413833,False,False,False,0.06073307003160677
0001981,rule_3,fall_hazard,occlude,0.1,center,True,0.0,0.5892137351761958,False,False,False,0.03306045183645823
0001981,rule_3,fall_hazard,occlude,0.1,random,True,0.0,0.5892137351761958,False,False,False,0.04173726042998693
0001981,rule_3,fall_hazard,occlude,0.2,center,True,0.35728780477669075,0.22726759659262272,False,False,False,0.05368190348547486
0001981,rule_3,fall_hazard,occlude,0.2,random,True,0.0,0.5892137351761958,False,False,False,0.0408962385263294
0001981,rule_3,fall_hazard,occlude,0.35,center,True,0.0,0.49584291007413833,False,False,False,0.060211253485509375
0001981,rule_3,fall_hazard,occlude,0.35,random,True,0.0,0.5892137351761958,False,False,False,0.033027473371475935
0001981,rule_3,fall_hazard,occlude_targeted,,object,True,0.0025713077525655326,0.39922103914753904,False,False,False,0.02482821712536476
0001982,rule_1,ppe_violation,blur,4.0,-,False,0.2880529105039982,0.003500016276051128,False,False,False,0.045147025425519294
0001982,rule_1,ppe_violation,blur,8.0,-,True,0.0,0.36484639155840237,False,False,False,0.10660985115516397
0001982,rule_1,ppe_violation,blur,16.0,-,False,0.0005301197311498064,0.3851590996617421,False,False,False,0.10020083388982914
0001982,rule_1,ppe_violation,gamma,1.5,-,False,0.9565234698074737,0.00039998372395833335,False,False,False,0.006372109454657382
0001982,rule_1,ppe_violation,gamma,2.5,-,False,0.8800008138020833,0.000854403708342738,False,False,False,0.009345835873058816
0001982,rule_1,ppe_violation,gamma,4.0,-,False,0.8461537938138999,0.0010000040690435303,False,False,False,0.03105610163350181
0001982,rule_1,ppe_violation,contrast,0.15,-,False,1.0,0.0,False,False,False,0.04489452458385901
0001982,rule_1,ppe_violation,contrast,0.3,-,False,1.0,0.0,False,False,False,0.004639343624668446
0001982,rule_1,ppe_violation,contrast,0.5,-,False,1.0,0.0,False,False,False,0.018747714880321675
0001982,rule_1,ppe_violation,occlude,0.1,center,False,1.0,0.0,False,False,False,0.010509503473128623
0001982,rule_1,ppe_violation,occlude,0.1,random,False,1.0,0.0,False,False,False,-0.004437081116650754
0001982,rule_1,ppe_violation,occlude,0.2,center,False,1.0,0.0,False,False,False,-0.0016561749258212632
0001982,rule_1,ppe_violation,occlude,0.2,random,False,1.0,0.0,False,False,False,-0.002648991931762046
0001982,rule_1,ppe_violation,occlude,0.35,center,False,1.0,0.0,False,False,False,0.0036921819139803524
0001982,rule_1,ppe_violation,occlude,0.35,random,False,1.0,0.0,False,False,False,0.01984136924147606
0001982,rule_1,ppe_violation,occlude_targeted,,object,False,0.6285735322800085,0.000799967448175378,False,False,False,0.015350430538611737
0001986,rule_1,ppe_violation,blur,4.0,-,True,0.0,0.25222579744976514,False,False,False,-0.039091150276362896
0001986,rule_1,ppe_violation,blur,8.0,-,True,0.0,0.25262850798529257,False,False,False,0.015475386620632192
0001986,rule_1,ppe_violation,blur,16.0,-,True,0.0005622477137964962,0.07158575443640611,False,False,False,-0.04433886078690297
0001986,rule_1,ppe_violation,gamma,1.5,-,False,0.882141786476993,0.0004000040691397657,False,False,False,0.006667513799454516
0001986,rule_1,ppe_violation,gamma,2.5,-,False,0.882141786476993,0.0004000040691397657,False,False,False,0.005557540271963424
0001986,rule_1,ppe_violation,gamma,4.0,-,False,0.882141786476993,0.0004000040691397657,False,False,False,0.026415886157857504
0001986,rule_1,ppe_violation,contrast,0.15,-,True,0.0,0.251125798191532,False,False,False,0.01444433955475688
0001986,rule_1,ppe_violation,contrast,0.3,-,True,0.0,0.2507301427909851,False,False,False,0.02659470441618139
0001986,rule_1,ppe_violation,contrast,0.5,-,False,0.8035702445895926,0.00029998779296875,False,False,False,0.0149635758383998
0001986,rule_1,ppe_violation,occlude,0.1,center,False,0.0,0.47107452918656123,False,False,False,-0.0419809246169669
0001986,rule_1,ppe_violation,occlude,0.1,random,True,0.0,0.030223816066433252,False,False,False,0.05729368750360753
0001986,rule_1,ppe_violation,occlude,0.2,center,False,0.0,0.47107452918656123,False,False,False,-0.04325099276112654
0001986,rule_1,ppe_violation,occlude,0.2,random,True,0.0,0.030147784838432123,False,False,False,0.053845325617917994
0001986,rule_1,ppe_violation,occlude,0.35,center,True,0.0,0.47052714051956224,False,False,False,-0.010919371486774465
0001986,rule_1,ppe_violation,occlude,0.35,random,False,0.0,0.47107452918656123,False,False,False,-0.021495758156691247
0001986,rule_1,ppe_violation,occlude_targeted,,object,False,0.0,0.47059128917603693,False,False,False,-0.004386604630521318
0001989,rule_3,fall_hazard,blur,4.0,-,False,0.38353080072212786,0.1671621955677476,False,False,False,-0.06559314896419122
0001989,rule_3,fall_hazard,blur,8.0,-,False,0.2163605668772896,0.22566401495269,False,False,False,-0.08001718111336231
0001989,rule_3,fall_hazard,blur,16.0,-,False,0.2163605668772896,0.22566401495269,False,False,False,-0.15169475218724637
0001989,rule_3,fall_hazard,gamma,1.5,-,False,0.9837398093822947,0.0011999893188476562,False,False,False,-0.002230770220714051
0001989,rule_3,fall_hazard,gamma,2.5,-,False,0.9837398093822947,0.0011999893188476562,False,False,False,-0.0045920675953052825
0001989,rule_3,fall_hazard,gamma,4.0,-,False,0.9837398093822947,0.0018000030517578126,False,False,False,-0.016749217973223818
0001989,rule_3,fall_hazard,contrast,0.15,-,False,0.9703682284704239,0.0019697740392326467,False,False,False,-0.010335224863540882
0001989,rule_3,fall_hazard,contrast,0.3,-,False,0.994609211997618,0.0005999946594238281,False,False,False,-0.005761341757274163
0001989,rule_3,fall_hazard,contrast,0.5,-,False,0.9811321563066324,0.0020999908447265625,False,False,False,0.00038077096853927905
0001989,rule_3,fall_hazard,occlude,0.1,center,True,0.0930400987254869,0.18016061921828921,False,False,False,-0.022033384202846507
0001989,rule_3,fall_hazard,occlude,0.1,random,False,0.995589714977806,0.0005000114440917968,False,False,False,-0.02472933754324913
0001989,rule_3,fall_hazard,occlude,0.2,center,False,0.08248133862524293,0.19156474539655857,False,False,False,0.016502387522320694
0001989,rule_3,fall_hazard,occlude,0.2,random,False,0.9756097140734421,0.0027000045776367186,False,False,False,-0.038340499957225216
0001989,rule_3,fall_hazard,occlude,0.35,center,False,0.358586741181428,0.13712683286625996,False,False,False,0.04149946290999651
0001989,rule_3,fall_hazard,occlude,0.35,random,False,0.8179166429908514,0.025352711368902766,False,False,False,0.010441240388900042
0001989,rule_3,fall_hazard,occlude_targeted,,object,True,0.004947869309910739,0.19688232740444878,False,False,False,-0.04608239785635049
0002042,rule_4,struck_by_risk,blur,4.0,-,False,0.9809736326051216,0.0007999827067148242,False,False,False,0.08250436925935367
0002042,rule_4,struck_by_risk,blur,8.0,-,True,0.8548225249191046,0.031890447749356045,False,False,False,0.13184032663380418
0002042,rule_4,struck_by_risk,blur,16.0,-,True,0.5580299386657408,0.034096920218604464,False,False,False,0.15466588651142177
0002042,rule_4,struck_by_risk,gamma,1.5,-,False,1.0,0.0,False,False,False,0.004360873547811339
0002042,rule_4,struck_by_risk,gamma,2.5,-,False,0.9960617369037076,0.0007211147696077829,False,False,False,0.024335592985153198
0002042,rule_4,struck_by_risk,gamma,4.0,-,False,0.9897916784293206,0.0021377600320961576,False,False,False,0.04725602109517357
0002042,rule_4,struck_by_risk,contrast,0.15,-,False,0.9960616828364327,0.0007211232333754481,False,False,False,0.02459504644549071
0002042,rule_4,struck_by_risk,contrast,0.3,-,False,0.9973175788018701,0.0005000040690611216,False,False,False,0.01447781979564633
0002042,rule_4,struck_by_risk,contrast,0.5,-,False,1.0,0.0,False,False,False,0.0053182826155706575
0002042,rule_4,struck_by_risk,occlude,0.1,center,False,0.9985714323601748,0.0003999989827473958,False,False,False,0.0178545652519142
0002042,rule_4,struck_by_risk,occlude,0.1,random,False,0.997313692879986,0.0005000198366285945,False,False,False,0.02711400413323961
0002042,rule_4,struck_by_risk,occlude,0.2,center,False,0.9960560708560301,0.0007211232333754481,False,False,False,0.0665535276371334
0002042,rule_4,struck_by_risk,occlude,0.2,random,False,0.4086760464438606,0.13779817242289866,False,False,False,0.038903511321497275
0002042,rule_4,struck_by_risk,occlude,0.35,center,False,0.17189640266977224,0.22313261470870838,False,False,False,0.014461268271718675
0002042,rule_4,struck_by_risk,occlude,0.35,random,False,0.27604539927892835,0.18443643549637037,False,False,False,-0.0032243638166360444
0002042,rule_4,struck_by_risk,occlude_targeted,,object,True,0.00044363896038042465,0.3905004722621676,False,False,False,0.03440337166899721
0002092,rule_2,fall_hazard,blur,4.0,-,False,0.0,0.29349522485959056,False,False,False,-0.002814391627907753
0002092,rule_2,fall_hazard,blur,8.0,-,False,0.0,0.2898279525505985,False,False,False,0.023868903085323412
0002092,rule_2,fall_hazard,blur,16.0,-,False,0.0037851239560705726,0.05336551619432522,False,False,False,-0.1069056577899884
0002092,rule_2,fall_hazard,gamma,1.5,-,False,0.9240188690300326,0.0004000040691397657,False,False,False,-0.005138641289834434
0002092,rule_2,fall_hazard,gamma,2.5,-,False,0.8956996085780483,0.0003000081387106832,False,False,False,0.00344412254967863
0002092,rule_2,fall_hazard,gamma,4.0,-,False,0.8956996085780483,0.0003000081387106832,False,False,False,-0.012715162908924382
0002092,rule_2,fall_hazard,contrast,0.15,-,False,0.5333896656315172,0.009035486544168383,False,False,False,0.004767357371747494
0002092,rule_2,fall_hazard,contrast,0.3,-,False,0.545112335238694,0.00903546853070877,False,False,False,0.010888965933450678
0002092,rule_2,fall_hazard,contrast,0.5,-,False,0.545112335238694,0.00903546853070877,False,False,False,0.004958414173285908
0002092,rule_2,fall_hazard,occlude,0.1,center,True,0.0,0.2931647952675168,False,False,False,0.0012284747457931289
0002092,rule_2,fall_hazard,occlude,0.1,random,False,0.0,0.18240042855284996,False,False,False,0.03782081291345618
0002092,rule_2,fall_hazard,occlude,0.2,center,True,0.0,0.2931647952675168,False,False,False,-0.00826564703934951
0002092,rule_2,fall_hazard,occlude,0.2,random,False,0.0,0.18269058325096493,False,False,False,0.03474165771954829
0002092,rule_2,fall_hazard,occlude,0.35,center,False,0.0,0.2936573714114169,False,False,False,-0.06330594047904015
0002092,rule_2,fall_hazard,occlude,0.35,random,True,0.0,0.2936573862307493,False,False,False,-0.0006657325263533798
0002092,rule_2,fall_hazard,occlude_targeted,,object,False,0.0,0.18250259369143704,False,False,False,0.032595578181956575
0002150,rule_3,fall_hazard,blur,4.0,-,False,0.0,0.536907467920222,False,False,False,0.10247885000093715
0002150,rule_3,fall_hazard,blur,8.0,-,False,0.0,0.5388320560287041,False,False,False,0.08604020858183503
0002150,rule_3,fall_hazard,blur,16.0,-,False,0.19477633760881297,0.25172492204828,False,False,False,0.07625828006252389
0002150,rule_3,fall_hazard,gamma,1.5,-,False,0.8586337498359173,0.0144222103918893,False,False,False,0.025613916289460525
0002150,rule_3,fall_hazard,gamma,2.5,-,False,0.8586337498359173,0.0144222103918893,False,False,False,0.025862062083823356
0002150,rule_3,fall_hazard,gamma,4.0,-,False,0.8250143716776974,0.01836981129989109,False,False,False,0.024183756389123068
0002150,rule_3,fall_hazard,contrast,0.15,-,False,0.8206831251852102,0.019216660169659373,False,False,False,0.018542040804667148
0002150,rule_3,fall_hazard,contrast,0.3,-,False,0.8206831251852102,0.019216660169659373,False,False,False,0.022011260701609525
0002150,rule_3,fall_hazard,contrast,0.5,-,False,0.8206831251852102,0.019216660169659373,False,False,False,0.02697814199408255
0002150,rule_3,fall_hazard,occlude,0.1,center,False,0.9855161102606931,0.0015000000000012126,False,False,False,0.00025415653362870216
0002150,rule_3,fall_hazard,occlude,0.1,random,False,0.969798608318301,0.0027000045776367186,False,False,False,-0.00013479291062268306
0002150,rule_3,fall_hazard,occlude,0.2,center,False,0.810425938632129,0.016577390302221717,False,False,False,-0.0023877393853452
0002150,rule_3,fall_hazard,occlude,0.2,random,False,0.8206831251852102,0.019216660169659373,False,False,False,0.021572557793531066
0002150,rule_3,fall_hazard,occlude,0.35,center,False,0.5319178755950446,0.04170767390311342,False,False,False,-0.0062201419579130945
0002150,rule_3,fall_hazard,occlude,0.35,random,False,0.9953917092884146,0.0011999988555908203,False,False,False,0.02600966946088845
0002150,rule_3,fall_hazard,occlude_targeted,,object,False,0.0,0.5381903220769905,False,False,False,0.09966748886342558
0002153,rule_1,ppe_violation,blur,4.0,-,False,0.5753293451157346,0.0016970591520725723,False,False,False,0.014702150797737512
0002153,rule_1,ppe_violation,blur,8.0,-,False,0.45802080201288237,0.0007211147692669693,False,False,False,0.07894653282672559
0002153,rule_1,ppe_violation,blur,16.0,-,False,0.0,0.07942550426367527,False,False,False,0.05803034913593108
0002153,rule_1,ppe_violation,gamma,1.5,-,False,0.91239395249482,1.0172526041666666e-08,False,False,False,0.00027488491364890955
0002153,rule_1,ppe_violation,gamma,2.5,-,False,0.8728567893273103,0.0005000081380373899,False,False,False,0.00209067797377005
0002153,rule_1,ppe_violation,gamma,4.0,-,False,0.8358411388421209,0.0006000061035371832,False,False,False,0.006397559884048665
0002153,rule_1,ppe_violation,contrast,0.15,-,False,0.8766140353869232,0.000600006103515625,False,False,False,0.00468216330877369
0002153,rule_1,ppe_violation,contrast,0.3,-,False,0.9352037432987453,0.0003999989828767465,False,False,False,-0.0049159466954213915
0002153,rule_1,ppe_violation,contrast,0.5,-,False,0.9352037432987453,0.0003999989828767465,False,False,False,-0.0010422292564595814
0002153,rule_1,ppe_violation,occlude,0.1,center,False,1.0,0.0,False,False,False,-0.00532176811248064
0002153,rule_1,ppe_violation,occlude,0.1,random,False,1.0,0.0,False,False,False,-0.0008336679477776165
0002153,rule_1,ppe_violation,occlude,0.2,center,False,0.9546870169817379,0.0005000040690611216,False,False,False,0.001584717915171674
0002153,rule_1,ppe_violation,occlude,0.2,random,False,1.0,0.0,False,False,False,0.00020123486007972424
0002153,rule_1,ppe_violation,occlude,0.35,center,False,0.9546870169817379,0.0005000040690611216,False,False,False,0.002510150805825284
0002153,rule_1,ppe_violation,occlude,0.35,random,False,0.0,0.06419229054018034,False,False,False,-0.04421645402908325
0002153,rule_1,ppe_violation,occlude_targeted,,object,False,0.0,0.058636593312339814,False,False,False,-0.041795813212437194
0002158,rule_2,fall_hazard,blur,4.0,-,True,0.0,0.23327998552550605,False,False,False,-0.009220553961183264
0002158,rule_2,fall_hazard,blur,8.0,-,True,0.0,0.23709291195727963,False,False,False,-0.05898514052538506
0002158,rule_2,fall_hazard,blur,16.0,-,True,0.0009136512880403553,0.20858632139444136,False,False,False,-0.08427574883267541
0002158,rule_2,fall_hazard,gamma,1.5,-,False,0.8480904089761495,0.00040000406952781284,False,False,False,-0.0031472556958240805
0002158,rule_2,fall_hazard,gamma,2.5,-,True,0.0,0.23189620542182648,False,False,False,-0.005938908085227013
0002158,rule_2,fall_hazard,gamma,4.0,-,True,0.0,0.23215511019455334,False,False,False,-0.07748547688658747
0002158,rule_2,fall_hazard,contrast,0.15,-,True,0.0,0.23195342090608925,False,False,False,-0.03508224298379248
0002158,rule_2,fall_hazard,contrast,0.3,-,True,0.0,0.23195342090608925,False,False,False,-0.04156495544261163
0002158,rule_2,fall_hazard,contrast,0.5,-,False,0.6594211311564109,0.0028160395840643505,False,False,False,0.0017823403967278661
0002158,rule_2,fall_hazard,occlude,0.1,center,False,0.7954538098386731,0.00270001220703125,False,False,False,0.0032699857838451862
0002158,rule_2,fall_hazard,occlude,0.1,random,False,1.0,0.0,False,False,False,0.0010822306919310298
0002158,rule_2,fall_hazard,occlude,0.2,center,False,0.0,0.28632762715150323,False,False,False,-0.06214628328702276
0002158,rule_2,fall_hazard,occlude,0.2,random,False,0.9629626141111668,0.00040000406901041666,False,False,False,0.001875395953123138
0002158,rule_2,fall_hazard,occlude,0.35,center,False,0.0,0.2839653258731942,False,False,False,-0.0366904023103416
0002158,rule_2,fall_hazard,occlude,0.35,random,False,0.4885985302723761,0.006040710210770991,False,False,False,-0.010719026638461027
0002158,rule_2,fall_hazard,occlude_targeted,,object,True,0.0,0.17371115245517593,False,False,False,0.007797162048518658
0002178,rule_3,fall_hazard,blur,4.0,-,False,0.5936926226215286,0.12090264830737504,False,False,False,0.009539026866800082
0002178,rule_3,fall_hazard,blur,8.0,-,False,0.2837589074118317,0.24162252507781326,False,False,False,0.08056956032911944
0002178,rule_3,fall_hazard,blur,16.0,-,False,0.2837589074118317,0.24162252507781326,False,False,False,-0.03571619275449356
0002178,rule_3,fall_hazard,gamma,1.5,-,False,1.0,0.0,False,False,False,-0.0008867710296596165
0002178,rule_3,fall_hazard,gamma,2.5,-,False,0.9259259913356918,0.01519998550415039,False,False,False,0.010929210044975823
0002178,rule_3,fall_hazard,gamma,4.0,-,False,0.899931391668333,0.016130705446551895,False,False,False,0.01879634307364797
0002178,rule_3,fall_hazard,contrast,0.15,-,False,0.9937239048855463,0.0011999893188476562,False,False,False,0.006951500728194171
0002178,rule_3,fall_hazard,contrast,0.3,-,False,0.5936926226215286,0.12090264830737504,False,False,False,0.03021330491728369
0002178,rule_3,fall_hazard,contrast,0.5,-,False,0.554190604471066,0.12175454806063674,False,False,False,0.0324712548227537
0002178,rule_3,fall_hazard,occlude,0.1,center,False,0.9277343957364795,0.014799995422363281,False,False,False,0.007865627030176792
0002178,rule_3,fall_hazard,occlude,0.1,random,False,1.0,0.0,False,False,False,0.03130816015237503
0002178,rule_3,fall_hazard,occlude,0.2,center,False,0.9277343957364795,0.014799995422363281,False,False,False,0.01272994582541287
0002178,rule_3,fall_hazard,occlude,0.2,random,False,0.5936926226215286,0.12090264830737504,False,False,False,0.017441826063163912
0002178,rule_3,fall_hazard,occlude,0.35,center,False,0.5936926226215286,0.12090264830737504,False,False,False,0.033196378643402746
0002178,rule_3,fall_hazard,occlude,0.35,random,False,0.5946931833298366,0.12090264843358367,False,False,False,-0.006643178994722998
0002178,rule_3,fall_hazard,occlude_targeted,,object,True,0.0,0.406265322298076,False,False,False,0.04819307283365304
0002211,rule_1,ppe_violation,blur,4.0,-,True,0.0,0.2548698818359552,False,False,False,0.11315468682109248
0002211,rule_1,ppe_violation,blur,8.0,-,True,0.0,0.25316541885453536,False,False,False,0.1260501307967518
0002211,rule_1,ppe_violation,blur,16.0,-,False,0.00012148558447668844,0.15827979469458028,False,False,False,-0.024883688750043764
0002211,rule_1,ppe_violation,gamma,1.5,-,False,0.8264453893390973,0.0005000000001034803,False,False,False,0.0055618891492486
0002211,rule_1,ppe_violation,gamma,2.5,-,False,0.8264453893390973,0.0005000000001034803,False,False,False,0.018206714785524825
0002211,rule_1,ppe_violation,gamma,4.0,-,True,0.0,0.14166835509199915,False,False,False,0.05411885731986599
0002211,rule_1,ppe_violation,contrast,0.15,-,True,0.0,0.14289665576108523,False,False,False,0.04504852316209251
0002211,rule_1,ppe_violation,contrast,0.3,-,False,0.8333342752349574,0.0005999959309895834,False,False,False,0.012269312648900965
0002211,rule_1,ppe_violation,contrast,0.5,-,False,1.0,0.0,False,False,False,0.011558430934590969
0002211,rule_1,ppe_violation,occlude,0.1,center,False,0.7437986085285889,0.000399993896484375,False,False,False,-0.0007277381207261291
0002211,rule_1,ppe_violation,occlude,0.1,random,False,0.9090886672174202,0.00030000813802083336,False,False,False,-0.00022495697651592206
0002211,rule_1,ppe_violation,occlude,0.2,center,False,0.0,0.14396500283407673,False,False,False,0.04239280887746388
0002211,rule_1,ppe_violation,occlude,0.2,random,False,0.8264453893390973,0.0005000000001034803,False,False,False,0.0018337388922061715
0002211,rule_1,ppe_violation,occlude,0.35,center,False,0.0,0.14396500283407673,False,False,False,0.04428498713033535
0002211,rule_1,ppe_violation,occlude,0.35,random,False,0.0,0.2572147093731935,False,False,False,0.05053956327693798
0002211,rule_1,ppe_violation,occlude_targeted,,object,False,0.5761915165088177,0.0013416498851531828,False,False,False,0.03762308162237915
0002260,rule_1,ppe_violation,blur,4.0,-,False,9.036148957926549e-05,0.1911204942833203,False,False,False,0.02001064035686706
0002260,rule_1,ppe_violation,blur,8.0,-,False,9.036148957926549e-05,0.1911204942833203,False,False,False,0.014683763807018524
0002260,rule_1,ppe_violation,blur,16.0,-,False,9.036148957926549e-05,0.1911204942833203,False,False,False,-0.011717046484012505
0002260,rule_1,ppe_violation,gamma,1.5,-,False,0.9000040690104166,0.00029998779296875,False,False,False,-0.006306454140160733
0002260,rule_1,ppe_violation,gamma,2.5,-,False,0.9000040690104166,0.00029998779296875,False,False,False,-0.016239022436950856
0002260,rule_1,ppe_violation,gamma,4.0,-,False,0.7438070792764191,0.00040000406901041666,False,False,False,-0.01116586197167635
0002260,rule_1,ppe_violation,contrast,0.15,-,False,0.7431282048483815,0.0008543656088915134,False,False,False,-0.0013001719489693642
0002260,rule_1,ppe_violation,contrast,0.3,-,False,0.9000040690104166,0.00029998779296875,False,False,False,0.0002122727621878262
0002260,rule_1,ppe_violation,contrast,0.5,-,False,0.9000040690104166,0.00029998779296875,False,False,False,-0.005363566002675402
0002260,rule_1,ppe_violation,occlude,0.1,center,False,1.0,0.0,False,False,False,-0.003350327456636104
0002260,rule_1,ppe_violation,occlude,0.1,random,False,0.9000040690104166,0.00029998779296875,False,False,False,-0.004191070129828778
0002260,rule_1,ppe_violation,occlude,0.2,center,False,1.0,0.0,False,False,False,-0.005973533461136493
0002260,rule_1,ppe_violation,occlude,0.2,random,False,0.9000040690104166,0.00029998779296875,False,False,False,-0.004968205067728215
0002260,rule_1,ppe_violation,occlude,0.35,center,True,0.0,0.1327063455328881,False,False,False,-0.039806184691510094
0002260,rule_1,ppe_violation,occlude,0.35,random,False,1.0,0.0,False,False,False,-0.010618063089038676
0002260,rule_1,ppe_violation,occlude_targeted,,object,True,0.0,0.12945584679546862,False,False,False,0.05872715018423541
0002262,rule_1,ppe_violation,blur,4.0,-,False,0.0,0.025217916247085297,False,False,False,-0.04308540527043592
0002262,rule_1,ppe_violation,blur,8.0,-,False,0.00891436522862449,0.023747162692892204,False,False,False,-0.023628642316907644
0002262,rule_1,ppe_violation,blur,16.0,-,False,0.0007871461452118841,0.14484749231471217,False,False,False,-0.049694971602764815
0002262,rule_1,ppe_violation,gamma,1.5,-,False,1.0,0.0,False,False,False,-0.0023272813829992023
0002262,rule_1,ppe_violation,gamma,2.5,-,False,0.8954077787373917,0.0007213791930407774,False,False,False,0.005198093530322856
0002262,rule_1,ppe_violation,gamma,4.0,-,False,0.8954077787373917,0.0007213791930407774,False,False,False,0.024184519092419365
0002262,rule_1,ppe_violation,contrast,0.15,-,False,0.0,0.025846193699589088,False,False,False,-0.002663046720304596
0002262,rule_1,ppe_violation,contrast,0.3,-,False,0.8954077787373917,0.0007213791930407774,False,False,False,0.008560493654970636
0002262,rule_1,ppe_violation,contrast,0.5,-,False,0.8954077787373917,0.0007213791930407774,False,False,False,0.004281153237181146
0002262,rule_1,ppe_violation,occlude,0.1,center,False,0.7653051340377985,0.0016973297205666693,False,False,False,0.010586133958505772
0002262,rule_1,ppe_violation,occlude,0.1,random,False,0.0,0.33019257295038207,False,False,False,-0.08728256269491141
0002262,rule_1,ppe_violation,occlude,0.2,center,False,0.0,0.33019257295038207,False,False,False,-0.08679258683696389
0002262,rule_1,ppe_violation,occlude,0.2,random,False,0.0,0.33019257295038207,False,False,False,-0.08466691610270316
0002262,rule_1,ppe_violation,occlude,0.35,center,False,0.0,0.4523011634397741,False,False,False,-0.003319897622402257
0002262,rule_1,ppe_violation,occlude,0.35,random,False,0.7903230631831536,0.00039982373762220447,False,False,False,-0.023344346588211384
0002262,rule_1,ppe_violation,occlude_targeted,,object,False,0.0,0.027691884333271983,False,False,False,-0.030357783992907783
0002291,rule_1,ppe_violation,blur,4.0,-,True,0.0,0.17728227578226088,False,False,False,0.06578626689900235
0002291,rule_1,ppe_violation,blur,8.0,-,False,0.0,0.17896842218013906,False,False,False,0.09044519542450347
0002291,rule_1,ppe_violation,blur,16.0,-,False,0.00024096264685322563,0.2708375065128834,False,False,False,0.07071951852135716
0002291,rule_1,ppe_violation,gamma,1.5,-,False,0.8823511427266039,0.0005000070425266393,False,False,False,0.010202249245984119
0002291,rule_1,ppe_violation,gamma,2.5,-,False,0.7843129579554795,0.0008320534684250924,False,False,False,0.017246478370257723
0002291,rule_1,ppe_violation,gamma,4.0,-,False,0.7247370392836263,0.0016870620898614083,False,False,False,0.04364720186484705
0002291,rule_1,ppe_violation,contrast,0.15,-,False,0.35714257601433735,0.0039247779869418745,False,False,False,-0.012881806918553007
0002291,rule_1,ppe_violation,contrast,0.3,-,False,0.66666584250391,0.0013657979288587542,False,False,False,-0.00703875926722386
0002291,rule_1,ppe_violation,contrast,0.5,-,False,0.8823511427266039,0.0005000070425266393,False,False,False,0.006028795947453758
0002291,rule_1,ppe_violation,occlude,0.1,center,False,0.8166677421997469,0.0006933710133065537,False,False,False,0.00108819947178862
0002291,rule_1,ppe_violation,occlude,0.1,random,False,0.8166677421997469,0.0006933710133065537,False,False,False,-0.0011473063246481008
0002291,rule_1,ppe_violation,occlude,0.2,center,False,0.8333323619988119,0.0004160293793300966,False,False,False,-0.0017026511819235868
0002291,rule_1,ppe_violation,occlude,0.2,random,False,0.8166677421997469,0.0006933710133065537,False,False,False,-0.0040198568520801725
0002291,rule_1,ppe_violation,occlude,0.35,center,False,0.8166677421997469,0.0006933710133065537,False,False,False,0.0004043492621608191
0002291,rule_1,ppe_violation,occlude,0.35,random,True,0.0,0.6915459833360346,False,False,False,0.015465447346546757
0002291,rule_1,ppe_violation,occlude_targeted,,object,False,0.4571424765380952,0.0008770596921768015,False,False,False,0.025970481735254958
0002348,rule_1,ppe_violation,blur,4.0,-,False,0.6197922590340664,0.0017000038296720278,False,False,False,0.01167400966265375
0002348,rule_1,ppe_violation,blur,8.0,-,False,0.5357145750204159,0.002099995931088136,False,False,False,0.050828025011079636
0002348,rule_1,ppe_violation,blur,16.0,-,False,0.0,0.267442181699646,False,False,False,0.13326619554903696
0002348,rule_1,ppe_violation,gamma,1.5,-,False,0.9535261274769327,0.0004999959311385962,False,False,False,0.004037585774702701
0002348,rule_1,ppe_violation,gamma,2.5,-,False,0.8771510671767597,0.0006000162763865915,False,False,False,0.008816403869007283
0002348,rule_1,ppe_violation,gamma,4.0,-,False,0.750315519644385,0.0011999918621516349,False,False,False,-0.010415575334004057
0002348,rule_1,ppe_violation,contrast,0.15,-,False,0.8128425196714902,0.0018439133050045502,False,False,False,-0.020344146660395968
0002348,rule_1,ppe_violation,contrast,0.3,-,False,0.9015166499950079,0.0007211147696077829,False,False,False,-0.03487368606563124
0002348,rule_1,ppe_violation,contrast,0.5,-,False,0.9807700082553983,0.00029998779296875,False,False,False,-0.013783572906894359
0002348,rule_1,ppe_violation,occlude,0.1,center,False,0.3215392657768138,0.011128786552759664,False,False,False,0.01558709004893899
0002348,rule_1,ppe_violation,occlude,0.1,random,False,1.0,0.0,False,False,False,-0.00361603884292494
0002348,rule_1,ppe_violation,occlude,0.2,center,True,0.0,0.38080305212705085,False,False,False,0.02275789036814657
0002348,rule_1,ppe_violation,occlude,0.2,random,False,1.0,0.0,False,False,False,-0.002715029088514176
0002348,rule_1,ppe_violation,occlude,0.35,center,False,0.0,0.3532244552734462,False,False,False,0.03969924271638903
0002348,rule_1,ppe_violation,occlude,0.35,random,False,0.4095242109791823,0.006835227284579687,False,False,False,0.026022525703800592
0002348,rule_1,ppe_violation,occlude_targeted,,object,False,0.5668467888564968,0.002408320605408415,False,False,False,0.0235441333747336
0002446,rule_4,struck_by_risk,blur,4.0,-,False,0.9147058563732837,0.0014422168424291714,False,False,False,0.0579620679870011
0002446,rule_4,struck_by_risk,blur,8.0,-,False,0.0,0.40719176716254324,False,False,False,0.03291924321327844
0002446,rule_4,struck_by_risk,blur,16.0,-,False,0.0532050313493969,0.1670555627047987,False,False,False,-0.0293255834228765
0002446,rule_4,struck_by_risk,gamma,1.5,-,False,0.9941860857680984,0.0005999959309895834,False,False,False,-0.005999480802861612
0002446,rule_4,struck_by_risk,gamma,2.5,-,False,0.9862554524266447,0.0007211091265744367,False,False,False,0.0022532634791874173
0002446,rule_4,struck_by_risk,gamma,4.0,-,False,0.9541290602220351,0.0024331046776522843,False,False,False,0.024646986453306097
0002446,rule_4,struck_by_risk,contrast,0.15,-,False,0.9783244502001048,0.0010000040690435303,False,False,False,0.015160942006678724
0002446,rule_4,struck_by_risk,contrast,0.3,-,False,0.9970930428840492,0.0002999979654947917,False,False,False,0.0006177778991440785
0002446,rule_4,struck_by_risk,contrast,0.5,-,False,0.9970930428840492,0.0002999979654947917,False,False,False,0.0057417761002267476
0002446,rule_4,struck_by_risk,occlude,0.1,center,True,0.613726335773946,0.01803995578938088,False,True,True,-0.05488624436478329
0002446,rule_4,struck_by_risk,occlude,0.1,random,False,0.9890434808113994,0.0005000020345217652,False,False,False,0.005850683247286215
0002446,rule_4,struck_by_risk,occlude,0.2,center,True,0.0,0.4066852672663862,False,True,True,-0.09537475492455005
0002446,rule_4,struck_by_risk,occlude,0.2,random,False,0.9890434808113994,0.0005000020345217652,False,False,False,0.0073779323507867645
0002446,rule_4,struck_by_risk,occlude,0.35,center,True,0.0,0.4148664092961209,False,True,True,-0.08638829795213854
0002446,rule_4,struck_by_risk,occlude,0.35,random,True,0.0,0.4066852672663862,False,True,True,-0.10692009310691786
0002446,rule_4,struck_by_risk,occlude_targeted,,object,True,0.0,0.40676525658172424,False,False,False,-0.015557056026799465
0002480,rule_1,ppe_violation,blur,4.0,-,False,0.7431643234093692,0.0015000040690117966,False,False,False,-0.02527727885171771
0002480,rule_1,ppe_violation,blur,8.0,-,False,0.6562669064429751,0.0012369319344274394,False,False,False,0.01243248315794132
0002480,rule_1,ppe_violation,blur,16.0,-,False,0.023872026857282156,0.09411482037282061,False,False,False,0.03339374674084994
0002480,rule_1,ppe_violation,gamma,1.5,-,False,1.0,0.0,False,False,False,-0.018792223251823836
0002480,rule_1,ppe_violation,gamma,2.5,-,False,0.9441840854003015,1.4386124291718497e-08,False,False,False,-0.01194342199180809
0002480,rule_1,ppe_violation,gamma,4.0,-,False,0.892949333356478,5.086263020833333e-09,False,False,False,-0.018564779510987672
0002480,rule_1,ppe_violation,contrast,0.15,-,False,0.8867305656873846,0.0012649142809066272,False,False,False,-0.01700060674920678
0002480,rule_1,ppe_violation,contrast,0.3,-,False,0.9330761126680407,0.0003000081381932958,False,False,False,-0.008259444031864405
0002480,rule_1,ppe_violation,contrast,0.5,-,False,1.0,0.0,False,False,False,0.001721884123980999
0002480,rule_1,ppe_violation,occlude,0.1,center,False,0.9441840854003015,1.4386124291718497e-08,False,False,False,-0.016662374072308972
0002480,rule_1,ppe_violation,occlude,0.1,random,False,0.9441840854003015,1.4386124291718497e-08,False,False,False,-0.019759907653289166
0002480,rule_1,ppe_violation,occlude,0.2,center,False,0.01457228992353641,0.061387940924756114,False,False,False,0.000304211662816134
0002480,rule_1,ppe_violation,occlude,0.2,random,False,0.9441840854003015,1.4386124291718497e-08,False,False,False,-0.017260962498507282
0002480,rule_1,ppe_violation,occlude,0.35,center,False,0.0,0.16368566991380923,False,False,False,-0.01388794024075779
0002480,rule_1,ppe_violation,occlude,0.35,random,False,0.0,0.3754792129696543,False,False,False,-0.052602548484823486
0002480,rule_1,ppe_violation,occlude_targeted,,object,True,0.0,0.21918074989160632,False,False,False,0.009217805029558268
0002525,rule_1,ppe_violation,blur,4.0,-,False,0.0,0.2088969210882172,False,False,False,0.013699913463954383
0002525,rule_1,ppe_violation,blur,8.0,-,False,0.0,0.2091003922154579,False,False,False,0.007292067698602134
0002525,rule_1,ppe_violation,blur,16.0,-,True,0.0005773067004818531,0.16113550500119736,False,False,False,-0.10716371162234128
0002525,rule_1,ppe_violation,gamma,1.5,-,False,1.0,0.0,False,False,False,0.0024583734172795024
0002525,rule_1,ppe_violation,gamma,2.5,-,True,0.0,0.23707012211126857,False,False,False,0.033563445388738566
0002525,rule_1,ppe_violation,gamma,4.0,-,True,0.0,0.23707012211126857,False,False,False,0.03979288633646705
0002525,rule_1,ppe_violation,contrast,0.15,-,False,0.8034768290243631,0.0008544043035272083,False,False,False,-0.0163311162032187
0002525,rule_1,ppe_violation,contrast,0.3,-,False,0.9615380853357226,0.0003000030517578125,False,False,False,-0.03610855500612942
0002525,rule_1,ppe_violation,contrast,0.5,-,False,0.9615380853357226,0.0003000030517578125,False,False,False,-0.001498519442975521
0002525,rule_1,ppe_violation,occlude,0.1,center,False,0.9214731069251851,0.0005000091552827506,False,False,False,-0.005463909490832308
0002525,rule_1,ppe_violation,occlude,0.1,random,False,0.9615380853357226,0.0003000030517578125,False,False,False,0.003105760618512088
0002525,rule_1,ppe_violation,occlude,0.2,center,True,0.0,0.20851881511732895,False,False,False,0.03387154565591899
0002525,rule_1,ppe_violation,occlude,0.2,random,False,1.0,0.0,False,False,False,0.0048143205765102115
0002525,rule_1,ppe_violation,occlude,0.35,center,False,0.0,0.20811981832566473,False,False,False,-0.0030154413543641567
0002525,rule_1,ppe_violation,occlude,0.35,random,False,0.6260864565486487,0.0009848839210849657,False,False,False,-0.045060318695115176
0002525,rule_1,ppe_violation,occlude_targeted,,object,True,0.0,0.23664360449954527,False,False,False,0.013566014290388062
0002534,rule_3,fall_hazard,blur,4.0,-,True,0.38747982457789903,0.2064610853009665,False,False,False,0.056340618890577066
0002534,rule_3,fall_hazard,blur,8.0,-,True,0.248641673507402,0.23117822125033607,False,False,False,0.020349767672914076
0002534,rule_3,fall_hazard,blur,16.0,-,True,0.18286872650112354,0.27716999920359275,False,False,False,-0.09268146901476104
0002534,rule_3,fall_hazard,gamma,1.5,-,False,1.0,0.0,False,False,False,-0.0017630601235265608
0002534,rule_3,fall_hazard,gamma,2.5,-,False,0.9894180596630401,0.0011999918619791667,False,False,False,-0.0030179283348843455
0002534,rule_3,fall_hazard,gamma,4.0,-,True,0.8372467607785782,0.03251230874186952,False,False,False,0.008522419308844453
0002534,rule_3,fall_hazard,contrast,0.15,-,False,0.9802321458798293,0.0019697740392847704,False,False,False,0.01525855895930106
0002534,rule_3,fall_hazard,contrast,0.3,-,False,0.9946808865609912,0.0005999959309895834,False,False,False,0.009512350827987737
0002534,rule_3,fall_hazard,contrast,0.5,-,False,0.9973332609953703,0.00030000813802083336,False,False,False,0.007883398693853128
0002534,rule_3,fall_hazard,occlude,0.1,center,False,0.9171067909716314,0.00828734327718873,False,False,False,0.008647590908887115
0002534,rule_3,fall_hazard,occlude,0.1,random,True,1.0,0.0,False,False,False,0.015280933185879642
0002534,rule_3,fall_hazard,occlude,0.2,center,False,0.7326313993548608,0.0323487119784828,False,False,False,0.04393509236563531
0002534,rule_3,fall_hazard,occlude,0.2,random,True,1.0,0.0,False,False,False,0.007798248403040442
0002534,rule_3,fall_hazard,occlude,0.35,center,True,0.11025409554392121,0.1574711372518241,False,True,True,-0.008470486921186682
0002534,rule_3,fall_hazard,occlude,0.35,random,False,0.7954134766808526,0.021249224595232947,False,False,False,0.011159336926149455
0002534,rule_3,fall_hazard,occlude_targeted,,object,False,0.00529279620904893,0.18000276964105472,False,False,False,0.058699602660323924
0002595,rule_3,fall_hazard,blur,4.0,-,False,0.9518264016900408,0.00842141594877437,False,False,False,0.010661684586444786
0002595,rule_3,fall_hazard,blur,8.0,-,False,0.318456576513026,0.13682237684015397,False,False,False,0.012670073987567365
0002595,rule_3,fall_hazard,blur,16.0,-,False,0.318456576513026,0.13682237684015397,False,False,False,-0.26595404221035246
0002595,rule_3,fall_hazard,gamma,1.5,-,False,1.0,0.0,False,False,False,-0.023780933980430796
0002595,rule_3,fall_hazard,gamma,2.5,-,False,0.9759301225360909,0.004399973551432292,False,False,False,0.01197519716584966
0002595,rule_3,fall_hazard,gamma,4.0,-,False,0.9062751590127047,0.011583202064584415,False,False,False,-0.01834019072841675
0002595,rule_3,fall_hazard,contrast,0.15,-,False,0.9299837665650034,0.011661920188684548,False,False,False,-0.05733923957173137
0002595,rule_3,fall_hazard,contrast,0.3,-,False,0.9175808815085247,0.01368248671508941,False,False,False,-0.0653755413590088
0002595,rule_3,fall_hazard,contrast,0.5,-,False,0.9286627758042887,0.011696596838586494,False,False,False,-0.05580359920748468
0002595,rule_3,fall_hazard,occlude,0.1,center,False,0.9955356694301837,0.0008000081380208333,False,False,False,-0.01917995825698149
0002595,rule_3,fall_hazard,occlude,0.1,random,False,0.6470438826671855,0.06209670664828716,False,False,False,-0.06115849817260388
0002595,rule_3,fall_hazard,occlude,0.2,center,True,0.0,0.3347500822675425,False,False,False,-0.11775406598601312
0002595,rule_3,fall_hazard,occlude,0.2,random,True,0.4459744700337614,0.09705799092866889,False,False,False,-0.14647923704857624
0002595,rule_3,fall_hazard,occlude,0.35,center,False,0.0,0.3339365093344316,False,False,False,-0.13710248712006778
0002595,rule_3,fall_hazard,occlude,0.35,random,False,0.7512691021545744,0.05879998779296875,False,False,False,0.028474461752921343
0002595,rule_3,fall_hazard,occlude_targeted,,object,True,0.0,0.4494373707155587,False,False,False,-0.11552394690945567
0002599,rule_1,ppe_violation,blur,4.0,-,False,0.25791847063402995,0.0024738663360154714,False,False,False,0.06773227712671681
0002599,rule_1,ppe_violation,blur,8.0,-,False,0.0,0.30239684834423075,False,False,False,0.026825822696283308
0002599,rule_1,ppe_violation,blur,16.0,-,False,0.0003433720849937188,0.2547325213458412,False,False,False,0.05462732784514568
0002599,rule_1,ppe_violation,gamma,1.5,-,False,0.9000004216245242,0.0004999979654958265,False,False,False,0.006093037447759131
0002599,rule_1,ppe_violation,gamma,2.5,-,False,0.9000004216245242,0.0004999979654958265,False,False,False,0.009418986870774249
0002599,rule_1,ppe_violation,gamma,4.0,-,False,0.9000004216245242,0.0004999979654958265,False,False,False,0.01652531897915266
0002599,rule_1,ppe_violation,contrast,0.15,-,False,1.0,0.0,False,False,False,0.003240930315639323
0002599,rule_1,ppe_violation,contrast,0.3,-,False,1.0,0.0,False,False,False,0.003234962134489039
0002599,rule_1,ppe_violation,contrast,0.5,-,False,0.8947373084895078,0.0004999979654958265,False,False,False,0.0038107335567474365
0002599,rule_1,ppe_violation,occlude,0.1,center,False,1.0,0.0,False,False,False,-0.004004163268421346
0002599,rule_1,ppe_violation,occlude,0.1,random,False,1.0,0.0,False,False,False,8.385309151237585e-05
0002599,rule_1,ppe_violation,occlude,0.2,center,False,0.9000004216245242,0.0004999979654958265,False,False,False,0.012371829178716487
0002599,rule_1,ppe_violation,occlude,0.2,random,False,1.0,0.0,False,False,False,-0.00010029599070549011
0002599,rule_1,ppe_violation,occlude,0.35,center,False,0.9000004216245242,0.0004999979654958265,False,False,False,0.004165434145501745
0002599,rule_1,ppe_violation,occlude,0.35,random,False,0.0,0.40680012384223385,False,False,False,0.056758463981428364
0002599,rule_1,ppe_violation,occlude_targeted,,object,False,0.5699999014535782,0.0010000020345238348,False,False,False,0.031314101203211764
0002668,rule_1,ppe_violation,blur,4.0,-,False,0.0,0.04394918592651823,False,False,False,0.08718174316787286
0002668,rule_1,ppe_violation,blur,8.0,-,True,0.0,0.17597115321007886,False,False,False,0.14847950464380633
0002668,rule_1,ppe_violation,blur,16.0,-,False,0.00020883418520720675,0.08138064119951488,False,False,False,0.00719640233848251
0002668,rule_1,ppe_violation,gamma,1.5,-,False,0.9285719475776079,0.0002999979654947917,False,False,False,0.012448118733508151
0002668,rule_1,ppe_violation,gamma,2.5,-,False,0.7222234780921462,0.001341631687915981,False,False,False,0.031221609861989075
0002668,rule_1,ppe_violation,gamma,4.0,-,False,0.7276132702188973,0.000721106305399959,False,False,False,0.04654769526262359
0002668,rule_1,ppe_violation,contrast,0.15,-,False,0.8193303602537141,0.0007210978412362868,False,False,False,0.0170278710180094
0002668,rule_1,ppe_violation,contrast,0.3,-,False,0.9285719475776079,0.0002999979654947917,False,False,False,0.015915194991976023
0002668,rule_1,ppe_violation,contrast,0.5,-,False,1.0,0.0,False,False,False,0.012854091823101044
0002668,rule_1,ppe_violation,occlude,0.1,center,False,0.0,0.04231359053362951,False,False,False,0.05955539976379698
0002668,rule_1,ppe_violation,occlude,0.1,random,False,0.9230775250009129,0.0002999979654947917,False,False,False,0.0023791644988314653
0002668,rule_1,ppe_violation,occlude,0.2,center,False,0.0,0.2838539350570063,False,False,False,0.021336110674643027
0002668,rule_1,ppe_violation,occlude,0.2,random,False,0.0,0.03878567857218567,False,False,False,0.030462476824011042
0002668,rule_1,ppe_violation,occlude,0.35,center,False,0.0,0.17756085073261796,False,False,False,0.045503934180097794
0002668,rule_1,ppe_violation,occlude,0.35,random,False,0.0,0.04373569885307575,False,False,False,0.0430844446112002
0002668,rule_1,ppe_violation,occlude_targeted,,object,False,0.5502640803807228,0.0005000020345217652,False,False,False,-0.0026022962161473817
0002815,rule_2,fall_hazard,blur,4.0,-,False,0.5504735025433696,0.010866463738479664,False,False,False,-0.010217416532603663
0002815,rule_2,fall_hazard,blur,8.0,-,True,0.005135518165649186,0.14040602964641868,False,False,False,-0.07961028631377431
0002815,rule_2,fall_hazard,blur,16.0,-,True,0.005135518165649186,0.14040602964641868,False,False,False,-0.3008413263062394
0002815,rule_2,fall_hazard,gamma,1.5,-,False,0.5393859419624406,0.007375635198054107,False,False,False,0.003620613333103928
0002815,rule_2,fall_hazard,gamma,2.5,-,False,0.5284086829631224,0.007499996609161052,False,False,False,0.01840308614607372
0002815,rule_2,fall_hazard,gamma,4.0,-,False,0.49640885052314504,0.0071561164925797605,False,False,False,0.01406363341292105
0002815,rule_2,fall_hazard,contrast,0.15,-,False,0.6591496961531125,0.009199998643663195,False,False,False,0.015293109530050863
0002815,rule_2,fall_hazard,contrast,0.3,-,False,0.5236484382744996,0.007323936758480126,False,False,False,0.03671046429579816
0002815,rule_2,fall_hazard,contrast,0.5,-,False,0.9892471419395494,0.00030000474717881945,False,False,False,0.0027381569878863754
0002815,rule_2,fall_hazard,occlude,0.1,center,False,,,True,True,False,-0.1724984974163637
0002815,rule_2,fall_hazard,occlude,0.1,random,False,0.5393859419624406,0.007375635198054107,False,False,False,-0.0019560555062655416
0002815,rule_2,fall_hazard,occlude,0.2,center,True,0.005135518165649186,0.14040602964641868,False,True,True,-0.1036031347564711
0002815,rule_2,fall_hazard,occlude,0.2,random,True,0.5393859419624406,0.007375635198054107,False,True,True,-0.06393950677394944
0002815,rule_2,fall_hazard,occlude,0.35,center,True,0.0,0.24505300678266798,False,True,True,-0.08205904703051692
0002815,rule_2,fall_hazard,occlude,0.35,random,False,,,True,True,False,-0.15264249758314774
0002815,rule_2,fall_hazard,occlude_targeted,,object,False,0.0,0.2334919527841892,False,False,False,-0.016253123891406762
0002925,rule_3,fall_hazard,blur,4.0,-,True,0.0,0.5189310819814072,False,False,False,-0.08375130480687543
0002925,rule_3,fall_hazard,blur,8.0,-,True,0.028974068933119407,0.26645993198145695,False,False,False,-0.12015158404118398
0002925,rule_3,fall_hazard,blur,16.0,-,True,0.028946776307333975,0.22857752533416487,False,False,False,-0.12457577199917047
0002925,rule_3,fall_hazard,gamma,1.5,-,False,1.0,0.0,False,False,False,-0.002669163780020911
0002925,rule_3,fall_hazard,gamma,2.5,-,False,0.9811321961852374,0.0002999979654947917,False,False,False,0.002068398054689169
0002925,rule_3,fall_hazard,gamma,4.0,-,True,0.0,0.5171311945320378,False,False,False,-0.0909718485948231
0002925,rule_3,fall_hazard,contrast,0.15,-,True,0.0,0.5186576097944042,False,False,False,-0.0792736354550081
0002925,rule_3,fall_hazard,contrast,0.3,-,True,0.026500050640900344,0.26697266431455324,False,False,False,-0.038887773573930806
0002925,rule_3,fall_hazard,contrast,0.5,-,False,0.9622643923704746,0.0005999959309895834,False,False,False,0.01586387060316541
0002925,rule_3,fall_hazard,occlude,0.1,center,True,0.0,0.517920407378051,False,False,False,-0.05975898408464031
0002925,rule_3,fall_hazard,occlude,0.1,random,False,0.9807693561702254,0.0002999979654947917,False,False,False,0.007041779679379245
0002925,rule_3,fall_hazard,occlude,0.2,center,True,0.0,0.5354593830127431,False,False,False,-0.07959124705355092
0002925,rule_3,fall_hazard,occlude,0.2,random,False,1.0,0.0,False,False,False,0.0033681399654597044
0002925,rule_3,fall_hazard,occlude,0.35,center,True,0.0,0.5639311535128797,False,False,False,-0.0856886583247356
0002925,rule_3,fall_hazard,occlude,0.35,random,True,0.0,0.5174352707281014,False,False,False,-0.0904067411153977
0002925,rule_3,fall_hazard,occlude_targeted,,object,True,0.0,0.5173188051162089,False,False,False,-0.09039121021383578
0002957,rule_1,ppe_violation,blur,4.0,-,False,0.27692337157955876,0.001627877685357299,False,False,False,0.06677333258890672
0002957,rule_1,ppe_violation,blur,8.0,-,False,0.09778160766419768,0.015085081431782377,False,False,False,0.07358724118343418
0002957,rule_1,ppe_violation,blur,16.0,-,False,0.00037951701020577677,0.020052920460445524,False,False,False,0.036194855014660465
0002957,rule_1,ppe_violation,gamma,1.5,-,False,1.0,0.0,False,False,False,-0.00025417868580146497
0002957,rule_1,ppe_violation,gamma,2.5,-,False,0.8042310371924102,1.0172526041666666e-08,False,False,False,0.01476747742188822
0002957,rule_1,ppe_violation,gamma,4.0,-,False,0.7142840227110328,0.0004999959311385962,False,False,False,0.0567851331351058
0002957,rule_1,ppe_violation,contrast,0.15,-,False,0.8177191301348646,0.0012369455040149259,False,False,False,0.03680837553526661
0002957,rule_1,ppe_violation,contrast,0.3,-,False,0.9523804910421263,0.00040000406901041666,False,False,False,0.02773513525192217
0002957,rule_1,ppe_violation,contrast,0.5,-,False,0.9523804910421263,0.00040000406901041666,False,False,False,0.0166271540469356
0002957,rule_1,ppe_violation,occlude,0.1,center,False,0.0016137864810875774,0.14617375603413083,False,False,False,0.030553268501535058
0002957,rule_1,ppe_violation,occlude,0.1,random,False,0.8544951574440984,0.00030000813802083336,False,False,False,0.007926715404859563
0002957,rule_1,ppe_violation,occlude,0.2,center,False,0.0018309010019777864,0.018054364923016653,False,False,False,0.024303560810429614
0002957,rule_1,ppe_violation,occlude,0.2,random,False,0.8042310371924102,0.0008000081380855078,False,False,False,0.018247111966567253
0002957,rule_1,ppe_violation,occlude,0.35,center,False,0.0,0.2621011327178363,False,False,False,0.033503445364268636
0002957,rule_1,ppe_violation,occlude,0.35,random,False,0.0,0.1968372349960558,False,False,False,-0.012921904745910928
0002957,rule_1,ppe_violation,occlude_targeted,,object,False,0.0,0.016970569941540812,False,False,False,-0.016648837498256186
0003067,rule_1,ppe_violation,blur,4.0,-,False,0.0,0.21031213058915443,False,False,False,0.02681254746303674
0003067,rule_1,ppe_violation,blur,8.0,-,False,0.0,0.20646685935573902,False,False,False,-0.002269346333507949
0003067,rule_1,ppe_violation,blur,16.0,-,False,0.0013734888272178658,0.17127673485833522,False,False,False,-0.18797033353511128
0003067,rule_1,ppe_violation,gamma,1.5,-,False,1.0,0.0,False,False,False,-0.005165694547551003
0003067,rule_1,ppe_violation,gamma,2.5,-,False,1.0,0.0,False,False,False,-0.0008896520760441895
0003067,rule_1,ppe_violation,gamma,4.0,-,False,0.8402951846234162,0.0024186747221384263,False,False,False,0.014157778450420988
0003067,rule_1,ppe_violation,contrast,0.15,-,False,0.7972028253143473,0.0025631995162806727,False,False,False,0.04063132964074612
0003067,rule_1,ppe_violation,contrast,0.3,-,False,0.9729732051800856,0.00029999732971191406,False,False,False,0.013560584812824183
0003067,rule_1,ppe_violation,contrast,0.5,-,False,0.9736848709653941,0.0003999900817871094,False,False,False,0.008654543464737263
0003067,rule_1,ppe_violation,occlude,0.1,center,False,1.0,0.0,False,False,False,-0.03342352288642103
0003067,rule_1,ppe_violation,occlude,0.1,random,True,0.0,0.14597863391835586,False,False,False,-0.0206792844193322
0003067,rule_1,ppe_violation,occlude,0.2,center,False,0.20267236019869428,0.014524812885597347,False,False,False,-0.0069797533963407155
0003067,rule_1,ppe_violation,occlude,0.2,random,True,0.0,0.14667638173704978,False,False,False,-0.05988883546420509
0003067,rule_1,ppe_violation,occlude,0.35,center,False,0.0,0.12086507058861846,False,False,False,-0.06613962086183678
0003067,rule_1,ppe_violation,occlude,0.35,random,False,1.0,0.0,False,False,False,-0.04535359709656661
0003067,rule_1,ppe_violation,occlude_targeted,,object,False,0.5259515340875456,0.002500009536743164,False,False,False,0.006873904727399349
0003071,rule_1,ppe_violation,blur,4.0,-,False,0.9100467502022347,0.004080443957242938,False,False,False,0.03021530128483263
0003071,rule_1,ppe_violation,blur,8.0,-,False,0.9062480118544104,0.003360059114571978,False,False,False,0.03657293213265289
0003071,rule_1,ppe_violation,blur,16.0,-,False,0.778620488700006,0.01478681776513127,False,False,False,-0.03134564676189
0003071,rule_1,ppe_violation,gamma,1.5,-,False,0.9949999504089482,0.00040000406901041666,False,False,False,-0.0006526080625397501
0003071,rule_1,ppe_violation,gamma,2.5,-,False,0.9949999504089482,0.00040000406901041666,False,False,False,0.013362386929137382
0003071,rule_1,ppe_violation,gamma,4.0,-,False,0.9748958884837253,0.0007211112425780997,False,False,False,0.0369864945699061
0003071,rule_1,ppe_violation,contrast,0.15,-,False,0.9850001841533882,0.000721102073312604,False,False,False,0.012552229687571526
0003071,rule_1,ppe_violation,contrast,0.3,-,False,0.994949443594724,0.0003000030517578125,False,False,False,0.008929284023387107
0003071,rule_1,ppe_violation,contrast,0.5,-,False,0.994949443594724,0.0003000030517578125,False,False,False,0.004321056285074842
0003071,rule_1,ppe_violation,occlude,0.1,center,False,1.0,0.0,False,False,False,0.0035042587135518666
0003071,rule_1,ppe_violation,occlude,0.1,random,False,0.9346732268370607,0.00520001220703125,False,False,False,0.026881998138768348
0003071,rule_1,ppe_violation,occlude,0.2,center,False,1.0,0.0,False,False,False,0.010284329897590982
0003071,rule_1,ppe_violation,occlude,0.2,random,False,0.7758268603953059,0.017602572914835708,False,False,False,0.04710989259183407
0003071,rule_1,ppe_violation,occlude,0.35,center,False,0.5835012880596537,0.022314116129613253,False,False,False,0.09027866806302753
0003071,rule_1,ppe_violation,occlude,0.35,random,False,0.19452595704075132,0.05622989316652183,False,False,False,0.09986662066408569
0003071,rule_1,ppe_violation,occlude_targeted,,object,False,0.02201351661263451,0.07409622370308408,False,False,False,-0.02855152410588091
0003088,rule_4,struck_by_risk,blur,4.0,-,False,0.9797368550857909,0.00200000000002587,False,False,False,0.05043951061273377
0003088,rule_4,struck_by_risk,blur,8.0,-,True,0.37743091385950317,0.05017818284443435,False,False,False,0.1528683793213632
0003088,rule_4,struck_by_risk,blur,16.0,-,True,0.37798595841366894,0.047442179823785624,False,False,False,0.14892708445115693
0003088,rule_4,struck_by_risk,gamma,1.5,-,False,1.0,0.0,False,False,False,0.016630231506294613
0003088,rule_4,struck_by_risk,gamma,2.5,-,False,0.9966498254852383,0.0006000162760416667,False,False,False,0.021221642692883846
0003088,rule_4,struck_by_risk,gamma,4.0,-,False,0.9825040956818955,0.0025298382123126735,False,False,False,0.04099638576781939
0003088,rule_4,struck_by_risk,contrast,0.15,-,False,0.9945651964587073,0.0007211119479531286,False,False,False,0.020525050659974453
0003088,rule_4,struck_by_risk,contrast,0.3,-,False,0.9983277705758613,0.0002999979654947917,False,False,False,0.022027229387608815
0003088,rule_4,struck_by_risk,contrast,0.5,-,False,0.9983278271840865,0.00029998779296875,False,False,False,0.017052869002024296
0003088,rule_4,struck_by_risk,occlude,0.1,center,False,0.9845484529580344,0.0024330996605949257,False,False,False,0.07139281944539588
0003088,rule_4,struck_by_risk,occlude,0.1,random,False,1.0,0.0,False,False,False,0.004154935124374481
0003088,rule_4,struck_by_risk,occlude,0.2,center,False,0.8913181345553636,0.02070386140101553,False,False,False,0.051891506782599905
0003088,rule_4,struck_by_risk,occlude,0.2,random,False,0.9978947155389771,0.00040000406901041666,False,False,False,0.0019189703559118199
0003088,rule_4,struck_by_risk,occlude,0.35,center,True,0.0,0.3087396530066725,False,False,False,0.04381492875871207
0003088,rule_4,struck_by_risk,occlude,0.35,random,False,0.4235915773277118,0.09062235982819151,False,False,False,0.016425327294402714
0003088,rule_4,struck_by_risk,occlude_targeted,,object,True,0.0018200675490673871,0.3001466396689445,False,False,False,0.02697157824323282
0003164,rule_1,ppe_violation,blur,4.0,-,False,0.19607841670627843,0.002353395117917468,False,False,False,0.03703016169103124
0003164,rule_1,ppe_violation,blur,8.0,-,True,0.0,0.3096079709955889,False,False,False,0.055912640344883635
0003164,rule_1,ppe_violation,blur,16.0,-,False,0.000321283784471086,0.2958046589013134,False,False,False,-0.031416859598709435
0003164,rule_1,ppe_violation,gamma,1.5,-,False,1.0,0.0,False,False,False,-0.002030368162585283
0003164,rule_1,ppe_violation,gamma,2.5,-,False,0.8963593204310568,0.0004999967721878475,False,False,False,-0.0021244999287384214
0003164,rule_1,ppe_violation,gamma,4.0,-,False,0.7407411201178091,0.0008320534684250924,False,False,False,0.02646286865430214
0003164,rule_1,ppe_violation,contrast,0.15,-,False,0.8556147965396159,0.0004160240892967938,False,False,False,-0.00298185313918764
0003164,rule_1,ppe_violation,contrast,0.3,-,False,0.8963593204310568,0.0004999967721878475,False,False,False,-0.0014995800863419895
0003164,rule_1,ppe_violation,contrast,0.5,-,False,0.0,0.10644292236229146,False,False,False,0.03700520404215357
0003164,rule_1,ppe_violation,occlude,0.1,center,False,0.8963593204310568,0.0004999967721878475,False,False,False,0.0015850735695233098
0003164,rule_1,ppe_violation,occlude,0.1,random,False,1.0,0.0,False,False,False,-0.005055427617792652
0003164,rule_1,ppe_violation,occlude,0.2,center,False,0.8963593204310568,0.0004999967721878475,False,False,False,-0.005813848626400775
0003164,rule_1,ppe_violation,occlude,0.2,random,False,0.8963593204310568,0.0004999967721878475,False,False,False,-0.0010502943103867235
0003164,rule_1,ppe_violation,occlude,0.35,center,False,1.0,0.0,False,False,False,-0.03022598182516445
0003164,rule_1,ppe_violation,occlude,0.35,random,True,0.0,0.49565412065340236,False,False,False,0.02644251639555595
0003164,rule_1,ppe_violation,occlude_targeted,,object,False,0.4571422862364056,0.0006933678392478255,False,False,False,0.02998760076505791
0003206,rule_1,ppe_violation,blur,4.0,-,False,0.3574465010536041,0.0039000003521259046,False,False,False,-0.07449504480298075
0003206,rule_1,ppe_violation,blur,8.0,-,False,0.0,0.5610515076593308,False,False,False,0.09657247404434854
0003206,rule_1,ppe_violation,blur,16.0,-,False,0.0005060215044103887,0.3919498163534409,False,False,False,-0.023995881702638
0003206,rule_1,ppe_violation,gamma,1.5,-,False,1.0,0.0,False,False,False,-0.012520620732435095
0003206,rule_1,ppe_violation,gamma,2.5,-,False,1.0,0.0,False,False,False,-0.04041280743799036
0003206,rule_1,ppe_violation,gamma,4.0,-,False,0.9599989149305556,0.00030000813802083336,False,False,False,-0.08667826852095972
0003206,rule_1,ppe_violation,contrast,0.15,-,False,0.882352183693437,0.0007211154745993102,False,False,False,-0.07993307895958424
0003206,rule_1,ppe_violation,contrast,0.3,-,False,0.9160295203516812,0.0005000050863034425,False,False,False,-0.04407459763543953
0003206,rule_1,ppe_violation,contrast,0.5,-,False,0.9599989149305556,0.00030000813802083336,False,False,False,-0.0170275370723435
0003206,rule_1,ppe_violation,occlude,0.1,center,False,1.0,0.0,False,False,False,-0.006247164016323414
0003206,rule_1,ppe_violation,occlude,0.1,random,False,1.0,0.0,False,False,False,-0.010119741915592062
0003206,rule_1,ppe_violation,occlude,0.2,center,False,0.9523809242230526,0.000400000254313151,False,False,False,-0.0758500638018762
0003206,rule_1,ppe_violation,occlude,0.2,random,False,0.9523809242230526,0.000400000254313151,False,False,False,-0.006240765830235806
0003206,rule_1,ppe_violation,occlude,0.35,center,False,0.9523809242230526,0.000400000254313151,False,False,False,-0.11078120648328749
0003206,rule_1,ppe_violation,occlude,0.35,random,False,0.9523809242230526,0.000400000254313151,False,False,False,-0.11728814417230238
0003206,rule_1,ppe_violation,occlude_targeted,,object,False,0.0,0.26406289884682066,False,False,False,0.02699525920408119
0003302,rule_1,ppe_violation,blur,4.0,-,False,0.0,0.09785051550088718,False,False,False,0.011188525041299191
0003302,rule_1,ppe_violation,blur,8.0,-,False,0.0,0.09642427804492208,False,False,False,0.04873716345589074
0003302,rule_1,ppe_violation,blur,16.0,-,False,0.0001305216976883464,0.22068860023151088,False,False,False,0.0025236375541204392
0003302,rule_1,ppe_violation,gamma,1.5,-,False,0.9285741966110891,0.00029998779296875,False,False,False,0.006659284500139084
0003302,rule_1,ppe_violation,gamma,2.5,-,False,0.0,0.09751819867217466,False,False,False,0.05517690701942357
0003302,rule_1,ppe_violation,gamma,4.0,-,False,0.0,0.09929046915804794,False,False,False,0.057901537578020856
0003302,rule_1,ppe_violation,contrast,0.15,-,False,0.0,0.09965860241095943,False,False,False,0.007282536277281371
0003302,rule_1,ppe_violation,contrast,0.3,-,False,0.8441575798996296,0.0004999959311385962,False,False,False,0.03252235341018872
0003302,rule_1,ppe_violation,contrast,0.5,-,False,0.8441575798996296,0.0004999959311385962,False,False,False,0.01182924224329851
0003302,rule_1,ppe_violation,occlude,0.1,center,False,0.9285741966110891,0.00029998779296875,False,False,False,0.006290151072399941
0003302,rule_1,ppe_violation,occlude,0.1,random,False,1.0,0.0,False,False,False,-0.002269377798906347
0003302,rule_1,ppe_violation,occlude,0.2,center,False,1.0,0.0,False,False,False,0.0003095102895583901
0003302,rule_1,ppe_violation,occlude,0.2,random,False,1.0,0.0,False,False,False,-0.003336759550230828
0003302,rule_1,ppe_violation,occlude,0.35,center,False,0.0,0.07820076696827916,False,False,False,-0.0360868804023734
0003302,rule_1,ppe_violation,occlude,0.35,random,False,0.0,0.097148130641353,False,False,False,0.0006980728358030319
0003302,rule_1,ppe_violation,occlude_targeted,,object,True,0.0,0.09724694157907834,False,False,False,0.004807594631399459
0003339,rule_1,ppe_violation,blur,4.0,-,True,0.8590663961327225,0.0037838481489996948,False,False,False,0.008456601083955961
0003339,rule_1,ppe_violation,blur,8.0,-,True,0.0,0.15362249356352978,False,False,False,0.06291357787946861
0003339,rule_1,ppe_violation,blur,16.0,-,False,0.007951774415885052,0.37089196447055495,False,False,False,-0.242449517694435
0003339,rule_1,ppe_violation,gamma,1.5,-,False,0.9886363110923188,0.0002451317280818856,False,False,False,-0.03510528124336687
0003339,rule_1,ppe_violation,gamma,2.5,-,False,0.9659091901589535,0.0007353896429176263,False,False,False,-0.025939002012213053
0003339,rule_1,ppe_violation,gamma,4.0,-,False,0.9339098428402033,0.0013008210993754512,False,False,False,-0.04147329935360522
0003339,rule_1,ppe_violation,contrast,0.15,-,False,0.9888889175383633,0.00043578666029666854,False,False,False,-0.011514731616314
0003339,rule_1,ppe_violation,contrast,0.3,-,False,0.9888889175383633,0.00043578666029666854,False,False,False,-0.019013302600277338
0003339,rule_1,ppe_violation,contrast,0.5,-,False,0.9777776773083847,0.0,False,False,False,-0.024152028706989126
0003339,rule_1,ppe_violation,occlude,0.1,center,True,0.0,0.2748729665844373,False,False,False,-0.10302211543811213
0003339,rule_1,ppe_violation,occlude,0.1,random,False,0.9776514915152036,0.0004999995774047568,False,False,False,-0.04245826016579357
0003339,rule_1,ppe_violation,occlude,0.2,center,True,1.0,0.0,False,False,False,-0.08377689939169652
0003339,rule_1,ppe_violation,occlude,0.2,random,False,0.9776514565953138,0.0005000007848246567,False,False,False,-0.05334265290626461
0003339,rule_1,ppe_violation,occlude,0.35,center,True,0.9886363110923188,0.0002451317280818856,False,False,False,-0.10614830149071564
0003339,rule_1,ppe_violation,occlude,0.35,random,False,0.9888889175383633,0.00043578666029666854,False,False,False,-0.07448783765236544
0003339,rule_1,ppe_violation,occlude_targeted,,object,True,0.0,0.4694458479665079,False,False,False,-0.04298071529982339
0003429,rule_1,ppe_violation,blur,4.0,-,True,0.0,0.12541200530248275,False,False,False,0.040098264103843984
0003429,rule_1,ppe_violation,blur,8.0,-,True,0.0,0.12577122513185218,False,False,False,0.02670830488204956
0003429,rule_1,ppe_violation,blur,16.0,-,True,0.0,0.12735902401808974,False,False,False,0.050831878690847376
0003429,rule_1,ppe_violation,gamma,1.5,-,False,1.0,0.0,False,False,False,-0.010275577128465718
0003429,rule_1,ppe_violation,gamma,2.5,-,False,0.9677422331968794,0.00029999732971191406,False,False,False,-0.009732046563710517
0003429,rule_1,ppe_violation,gamma,4.0,-,False,0.8254279148574748,0.0005999946597269958,False,False,False,-0.010320105257311085
0003429,rule_1,ppe_violation,contrast,0.15,-,True,0.0,0.12628258399460812,False,False,False,0.03534472747040651
0003429,rule_1,ppe_violation,contrast,0.3,-,False,0.8823539311502907,0.0,False,False,False,-0.0019698117061385245
0003429,rule_1,ppe_violation,contrast,0.5,-,False,0.9375005587935226,0.0,False,False,False,0.001056163039590552
0003429,rule_1,ppe_violation,occlude,0.1,center,True,0.0,0.1447483643426539,False,False,False,-0.017051346067871398
0003429,rule_1,ppe_violation,occlude,0.1,random,False,0.8965526313193264,0.0004000091552734375,False,False,False,-0.010234660868133849
0003429,rule_1,ppe_violation,occlude,0.2,center,True,0.0,0.2480183884565281,False,False,False,-0.03392231757087372
0003429,rule_1,ppe_violation,occlude,0.2,random,False,0.9030103459989569,0.0008543987225714561,False,False,False,-0.011160393511610356
0003429,rule_1,ppe_violation,occlude,0.35,center,True,0.0,0.2480183884565281,False,False,False,-0.06746716823961052
0003429,rule_1,ppe_violation,occlude,0.35,random,False,0.0,0.2525889059337433,False,False,False,-0.12631601414510185
0003429,rule_1,ppe_violation,occlude_targeted,,object,True,0.0,0.14474836337414482,False,False,False,-0.021565265753971663
0003479,rule_2,fall_hazard,blur,4.0,-,False,0.49732337574067786,0.02443912165345418,False,False,False,-0.02680582772674306
0003479,rule_2,fall_hazard,blur,8.0,-,False,0.5022738191798816,0.022413856756120308,False,False,False,-0.1151451922759607
0003479,rule_2,fall_hazard,blur,16.0,-,False,0.0191967106803252,0.20502103939658797,False,False,False,-0.2808454373601453
0003479,rule_2,fall_hazard,gamma,1.5,-,False,1.0,0.0,False,False,False,-0.0025944140007985173
0003479,rule_2,fall_hazard,gamma,2.5,-,False,0.9263563751608374,0.00262619700624144,False,False,False,-0.02568751084618276
0003479,rule_2,fall_hazard,gamma,4.0,-,False,0.6245712776494546,0.018107825560460315,False,False,False,0.0004889099592609303
0003479,rule_2,fall_hazard,contrast,0.15,-,False,0.3424366011236876,0.03292510047257036,False,False,False,-0.06096188527798013
0003479,rule_2,fall_hazard,contrast,0.3,-,False,0.33839098191489675,0.03315502642906487,False,False,False,-0.066594718622842
0003479,rule_2,fall_hazard,contrast,0.5,-,False,0.3326728310088798,0.03327795109115982,False,False,False,-0.06491477448227151
0003479,rule_2,fall_hazard,occlude,0.1,center,False,0.9874998728434244,0.000435792201624699,False,False,False,-0.025322825830828954
0003479,rule_2,fall_hazard,occlude,0.1,random,False,0.06498963089684501,0.05615082736994425,False,False,False,-0.06707090481982697
0003479,rule_2,fall_hazard,occlude,0.2,center,False,0.9338368379996772,0.001330138305401418,False,False,False,-0.04345132769750698
0003479,rule_2,fall_hazard,occlude,0.2,random,False,0.7261507675716637,0.014952963375734731,False,False,False,-0.04198267044765608
0003479,rule_2,fall_hazard,occlude,0.35,center,False,0.04552028502169313,0.2056877543916273,False,False,False,-0.09673883618375695
0003479,rule_2,fall_hazard,occlude,0.35,random,False,0.0,0.3881421898649993,False,False,False,-0.2675070341482952
0003479,rule_2,fall_hazard,occlude_targeted,,object,False,0.0191967106803252,0.20502103939658797,False,False,False,-0.08716489900169627
0003516,rule_1,ppe_violation,blur,4.0,-,False,0.0,0.28536104012615593,False,False,False,0.06556738734051781
0003516,rule_1,ppe_violation,blur,8.0,-,False,0.0002670669150839247,0.34209515085848224,False,False,False,-0.007068879293576136
0003516,rule_1,ppe_violation,blur,16.0,-,False,0.0002670669150839247,0.34209515085848224,False,False,False,-0.05100870721376782
0003516,rule_1,ppe_violation,gamma,1.5,-,False,0.933333502875434,0.00041602408916226093,False,False,False,0.0016492292551057997
0003516,rule_1,ppe_violation,gamma,2.5,-,False,0.83443761477377,0.0008770571828892932,False,False,False,0.010474817162113514
0003516,rule_1,ppe_violation,gamma,4.0,-,False,0.0,0.2841486753178599,False,False,False,0.05040012419755968
0003516,rule_1,ppe_violation,contrast,0.15,-,True,0.0,0.28404145391109964,False,False,False,0.017010931723884126
0003516,rule_1,ppe_violation,contrast,0.3,-,False,0.7037035448511101,0.001000001613911458,False,False,False,0.0048640879935452075
0003516,rule_1,ppe_violation,contrast,0.5,-,False,0.933333502875434,0.00041602408916226093,False,False,False,0.0010257890181882834
0003516,rule_1,ppe_violation,occlude,0.1,center,False,0.8308282091970954,0.0004160267341789132,False,False,False,-0.004053428236927226
0003516,rule_1,ppe_violation,occlude,0.1,random,False,1.0,0.0,False,False,False,-0.008653402328491211
0003516,rule_1,ppe_violation,occlude,0.2,center,False,1.0,0.0,False,False,False,-0.011315354146063328
0003516,rule_1,ppe_violation,occlude,0.2,random,False,1.0,0.0,False,False,False,-0.006739656440913677
0003516,rule_1,ppe_violation,occlude,0.35,center,False,0.8308282091970954,0.0004160267341789132,False,False,False,-0.004600595150675013
0003516,rule_1,ppe_violation,occlude,0.35,random,True,0.8013699265445217,0.0009302593265346644,False,False,False,-0.008428892785949382
0003516,rule_1,ppe_violation,occlude_targeted,,object,False,0.017543604977954565,0.012106099365043952,False,False,False,0.04542434441723997
0003613,rule_3,fall_hazard,blur,4.0,-,False,0.9467998578375524,0.0010000066757365857,False,False,False,0.06318281308471507
0003613,rule_3,fall_hazard,blur,8.0,-,False,0.8773684117807855,0.008421398373284069,False,False,False,0.102019811284493
0003613,rule_3,fall_hazard,blur,16.0,-,False,0.18894000093765917,0.08278315274840628,False,False,False,0.014688269341568638
0003613,rule_3,fall_hazard,gamma,1.5,-,False,0.9967320551707874,0.00029999732971191406,False,False,False,0.03522318279227388
0003613,rule_3,fall_hazard,gamma,2.5,-,False,0.9967320551707874,0.00029999732971191406,False,False,False,0.0392039155812709
0003613,rule_3,fall_hazard,gamma,4.0,-,False,0.8432696480439071,0.03563157228633208,False,False,False,0.05713391723367134
0003613,rule_3,fall_hazard,contrast,0.15,-,False,0.9934853996959528,0.0005999946594238281,False,False,False,0.02558478882925197
0003613,rule_3,fall_hazard,contrast,0.3,-,False,0.9918777813037704,0.0007211108899744092,False,False,False,0.018908956589607118
0003613,rule_3,fall_hazard,contrast,0.5,-,False,0.9951191831703928,0.0005000057221041054,False,False,False,0.027095427173752795
0003613,rule_3,fall_hazard,occlude,0.1,center,False,0.9934903378197857,0.0003000068666066571,False,False,False,-0.02972625342842472
0003613,rule_3,fall_hazard,occlude,0.1,random,True,,,True,False,False,-0.05272730018247607
0003613,rule_3,fall_hazard,occlude,0.2,center,True,,,True,False,False,-0.07317036201993188
0003613,rule_3,fall_hazard,occlude,0.2,random,True,,,True,False,False,-0.07720540156522826
0003613,rule_3,fall_hazard,occlude,0.35,center,True,,,True,False,False,-0.042051920237449525
0003613,rule_3,fall_hazard,occlude,0.35,random,True,,,True,False,False,-0.11242694150393773
0003613,rule_3,fall_hazard,occlude_targeted,,object,True,,,True,False,False,-0.038888916127629236
0003632,rule_2,fall_hazard,blur,4.0,-,False,0.82104218099772,0.002725688695567755,False,False,False,0.06824592265876983
0003632,rule_2,fall_hazard,blur,8.0,-,False,0.013317246030143228,0.1957600825763656,False,False,False,-0.05943535961809443
0003632,rule_2,fall_hazard,blur,16.0,-,False,0.010373451258571796,0.14653466012522212,False,False,False,-0.13318723872771643
0003632,rule_2,fall_hazard,gamma,1.5,-,False,0.7665504264183732,0.006769685504872785,False,False,False,0.02473543930266575
0003632,rule_2,fall_hazard,gamma,2.5,-,False,0.7473870365166351,0.006769685504872785,False,False,False,0.058278370936888924
0003632,rule_2,fall_hazard,gamma,4.0,-,False,0.7642651086462791,0.008095334040023706,False,False,False,0.0339722969524916
0003632,rule_2,fall_hazard,contrast,0.15,-,False,0.9564476206772653,0.0011910594452250176,False,False,False,-0.005665770598820341
0003632,rule_2,fall_hazard,contrast,0.3,-,False,1.0,0.0,False,False,False,0.011779072295342141
0003632,rule_2,fall_hazard,contrast,0.5,-,False,1.0,0.0,False,False,False,0.009717694683266442
0003632,rule_2,fall_hazard,occlude,0.1,center,False,0.8869531098089107,0.003421507036339061,False,False,False,-0.01507360834096172
0003632,rule_2,fall_hazard,occlude,0.1,random,False,1.0,0.0,False,False,False,-0.006662188630018995
0003632,rule_2,fall_hazard,occlude,0.2,center,False,0.010373451258571796,0.14653466012522212,False,False,False,-0.127707380548993
0003632,rule_2,fall_hazard,occlude,0.2,random,False,0.7742934676406914,0.0068872187821754,False,False,False,-0.006122097506054858
0003632,rule_2,fall_hazard,occlude,0.35,center,False,0.010373451258571796,0.14653466012522212,False,True,False,-0.09202511143962766
0003632,rule_2,fall_hazard,occlude,0.35,random,True,,,True,True,True,-0.09981649121330993
0003632,rule_2,fall_hazard,occlude_targeted,,object,False,0.010373451258571796,0.14653466012522212,False,True,False,-0.07239184949901856
0003813,rule_4,struck_by_risk,blur,4.0,-,False,0.8706511784753617,0.012727923928790876,False,False,False,0.05006540424767003
0003813,rule_4,struck_by_risk,blur,8.0,-,False,0.8580995504026621,0.014063720545825734,False,False,False,0.08951439282723839
0003813,rule_4,struck_by_risk,blur,16.0,-,True,0.09587913849665908,0.15040790559430806,False,False,False,0.03094633049371409
0003813,rule_4,struck_by_risk,gamma,1.5,-,False,0.9963898552379875,0.0004160293791955654,False,False,False,-0.001012892950148725
0003813,rule_4,struck_by_risk,gamma,2.5,-,False,0.9906572049034043,0.0006933837093356308,False,False,False,0.0053808548384243204
0003813,rule_4,struck_by_risk,gamma,4.0,-,False,0.9906572049034043,0.0006933837093356308,False,False,False,0.04298188773885614
0003813,rule_4,struck_by_risk,contrast,0.15,-,False,0.9971097606299675,0.0002773564461525799,False,False,False,0.01667949368083299
0003813,rule_4,struck_by_risk,contrast,0.3,-,False,0.9963898552379875,0.0004160293791955654,False,False,False,0.005829749008019802
0003813,rule_4,struck_by_risk,contrast,0.5,-,False,0.9963898552379875,0.0004160293791955654,False,False,False,-0.00031829861894483447
0003813,rule_4,struck_by_risk,occlude,0.1,center,False,0.836359642679475,0.016415865893374543,False,False,False,0.0015912248738229051
0003813,rule_4,struck_by_risk,occlude,0.1,random,False,0.24671915419014548,0.07239315321323757,False,False,False,0.03703039139509201
0003813,rule_4,struck_by_risk,occlude,0.2,center,False,0.7051080705530797,0.03130157274413818,False,False,False,0.06297622041569828
0003813,rule_4,struck_by_risk,occlude,0.2,random,True,0.0,0.2535259558091251,False,False,False,0.032410481116837975
0003813,rule_4,struck_by_risk,occlude,0.35,center,False,0.12267528925492927,0.09111330226432805,False,False,False,0.07139748524105749
0003813,rule_4,struck_by_risk,occlude,0.35,random,False,0.7715925385535131,0.024231249972876758,False,False,False,-0.014989079582312659
0003813,rule_4,struck_by_risk,occlude_targeted,,object,True,0.0,0.2535259558091251,False,False,False,0.04773161400641723
0003922,rule_1,ppe_violation,blur,4.0,-,False,0.18253992278073372,0.0029170332851651353,False,False,False,0.10257033703357477
0003922,rule_1,ppe_violation,blur,8.0,-,False,0.00039256936253536805,0.15714355036799382,False,False,False,0.11115567950371197
0003922,rule_1,ppe_violation,blur,16.0,-,False,0.00039256936253536805,0.15714355036799382,False,False,False,0.04925181774847476
0003922,rule_1,ppe_violation,gamma,1.5,-,False,0.916667498408047,0.00048133352232040337,False,False,False,0.05613982530085593
0003922,rule_1,ppe_violation,gamma,2.5,-,True,0.8186050679427397,0.001000000028035609,False,False,False,0.05596466521108223
0003922,rule_1,ppe_violation,gamma,4.0,-,True,0.45254747550834135,0.0023072144739184645,False,False,False,0.05019439702628403
0003922,rule_1,ppe_violation,contrast,0.15,-,False,0.45946035093226173,0.00227122066778328,False,False,False,0.07863804098259619
0003922,rule_1,ppe_violation,contrast,0.3,-,False,0.7621829353080912,0.0008765375613713279,False,False,False,0.07739992984212363
0003922,rule_1,ppe_violation,contrast,0.5,-,False,0.44736884699765894,0.0018990893152141027,False,False,False,0.07357832069948811
0003922,rule_1,ppe_violation,occlude,0.1,center,False,0.9411748320143116,0.00043828031069906515,False,False,False,0.013408825661127444
0003922,rule_1,ppe_violation,occlude,0.1,random,False,0.9002526528884364,0.000500015670361406,False,False,False,0.01825136354622936
0003922,rule_1,ppe_violation,occlude,0.2,center,True,,,True,False,False,0.013330972528310281
0003922,rule_1,ppe_violation,occlude,0.2,random,False,0.9002526528884364,0.000500015670361406,False,False,False,-0.002690080768213865
0003922,rule_1,ppe_violation,occlude,0.35,center,True,,,True,False,False,0.04589929661948933
0003922,rule_1,ppe_violation,occlude,0.35,random,False,0.9583337492040235,0.00024066676116020168,False,False,False,0.03095394766961157
0003922,rule_1,ppe_violation,occlude_targeted,,object,False,0.5430563581907737,0.000500015670361406,False,False,False,0.03414936564289606
0003928,rule_1,ppe_violation,blur,4.0,-,False,0.20192383838583342,0.0026016533373051302,False,False,False,-0.013341902489108715
0003928,rule_1,ppe_violation,blur,8.0,-,False,0.0002530122649618106,0.3215163572953258,False,False,False,-0.15460333322352238
0003928,rule_1,ppe_violation,blur,16.0,-,False,0.0002530122649618106,0.3215163572953258,False,False,False,-0.31163658792640847
0003928,rule_1,ppe_violation,gamma,1.5,-,False,1.0,0.0,False,False,False,-0.006618712230452517
0003928,rule_1,ppe_violation,gamma,2.5,-,False,0.4200020646484791,0.0017096573801075531,False,False,False,-0.0301425929314324
0003928,rule_1,ppe_violation,gamma,4.0,-,False,0.3750006475564516,0.0015340008052394743,False,False,False,-0.07046348242355249
0003928,rule_1,ppe_violation,contrast,0.15,-,False,0.42784690627991434,0.0017703965055865275,False,False,False,-0.02878769101308931
0003928,rule_1,ppe_violation,contrast,0.3,-,False,0.40645325528077986,0.0019246054853602108,False,False,False,-0.03185162347342296
0003928,rule_1,ppe_violation,contrast,0.5,-,False,0.4421088566922489,0.001533990179261457,False,False,False,-0.008008195087313652
0003928,rule_1,ppe_violation,occlude,0.1,center,False,1.0,0.0,False,False,False,-0.03428935632109642
0003928,rule_1,ppe_violation,occlude,0.1,random,False,0.48276123845344465,0.001503956412691353,False,False,False,-0.012937554823500785
0003928,rule_1,ppe_violation,occlude,0.2,center,False,0.4421088566922489,0.001533990179261457,False,False,False,-0.053561204512204474
0003928,rule_1,ppe_violation,occlude,0.2,random,False,0.0,0.3959585248436761,False,False,False,0.007919738468314952
0003928,rule_1,ppe_violation,occlude,0.35,center,False,0.4573537044744357,0.0013008303816087537,False,False,False,-0.08491068852267092
0003928,rule_1,ppe_violation,occlude,0.35,random,False,0.0,0.3958613150509843,False,False,False,0.008252055251172563
0003928,rule_1,ppe_violation,occlude_targeted,,object,True,0.0,0.39597088477962483,False,False,False,-0.008545268859182054
0003943,rule_1,ppe_violation,blur,4.0,-,False,0.0,0.27123011079395754,False,False,False,0.07006035851580761
0003943,rule_1,ppe_violation,blur,8.0,-,False,0.0,0.26353067277716496,False,False,False,0.12520238048663102
0003943,rule_1,ppe_violation,blur,16.0,-,False,0.00021084256074006035,0.3625928079793684,False,False,False,-0.10598220378241108
0003943,rule_1,ppe_violation,gamma,1.5,-,False,1.0,0.0,False,False,False,0.02142297330179388
0003943,rule_1,ppe_violation,gamma,2.5,-,True,0.3500004591770417,0.00213777163089018,False,False,False,0.0518036939735923
0003943,rule_1,ppe_violation,gamma,4.0,-,False,0.0,0.3694145797487657,False,False,False,0.10364576615393162
0003943,rule_1,ppe_violation,contrast,0.15,-,False,0.0,0.36767079371202227,False,False,False,0.07024274480396087
0003943,rule_1,ppe_violation,contrast,0.3,-,False,0.5000000756884355,0.0015524168798845726,False,False,False,0.018625896956239507
0003943,rule_1,ppe_violation,contrast,0.5,-,False,0.8749984900182314,0.0005000050863034425,False,False,False,0.010665620810219267
0003943,rule_1,ppe_violation,occlude,0.1,center,False,0.8749968210910015,0.0006000162760416667,False,False,False,0.01819130791617296
0003943,rule_1,ppe_violation,occlude,0.1,random,False,0.8749968210910015,0.0006000162760416667,False,False,False,0.00035339873284101486
0003943,rule_1,ppe_violation,occlude,0.2,center,False,0.1521736619051594,0.010829597249903553,False,False,False,0.024207722262612363
0003943,rule_1,ppe_violation,occlude,0.2,random,False,0.8749968210910015,0.0006000162760416667,False,False,False,0.0007945948413440318
0003943,rule_1,ppe_violation,occlude,0.35,center,False,0.12727273690580015,0.012000000000000066,False,False,False,0.029658444491880265
0003943,rule_1,ppe_violation,occlude,0.35,random,False,0.8749968210910015,0.0006000162760416667,False,False,False,0.01928733581943176
0003943,rule_1,ppe_violation,occlude_targeted,,object,True,0.11290324400002995,0.01050761619821311,False,False,False,0.025528247867311782
0004032,rule_3,fall_hazard,blur,4.0,-,True,0.16460708113851047,0.22541591277209272,False,False,False,0.030592120319072658
0004032,rule_3,fall_hazard,blur,8.0,-,True,0.16295628894582473,0.22458851852442252,False,False,False,-0.055429029411503294
0004032,rule_3,fall_hazard,blur,16.0,-,True,0.11397143387257654,0.20681393414404875,False,False,False,-0.13549810092194703
0004032,rule_3,fall_hazard,gamma,1.5,-,False,1.0,0.0,False,False,False,-0.0018135626534266924
0004032,rule_3,fall_hazard,gamma,2.5,-,False,0.9915256246369392,1.0172526041666666e-08,False,False,False,-0.010689393151551485
0004032,rule_3,fall_hazard,gamma,4.0,-,False,0.9915253372774382,0.000600006103515625,False,False,False,-0.009773983354015026
0004032,rule_3,fall_hazard,contrast,0.15,-,False,0.9957804766207184,0.00030000813802083336,False,False,False,0.0026667745384786334
0004032,rule_3,fall_hazard,contrast,0.3,-,False,1.0,0.0,False,False,False,0.0003148122424525557
0004032,rule_3,fall_hazard,contrast,0.5,-,False,1.0,0.0,False,False,False,-0.004688389133661985
0004032,rule_3,fall_hazard,occlude,0.1,center,False,0.5188394504570877,0.050982358985579304,False,False,False,0.003127000294625759
0004032,rule_3,fall_hazard,occlude,0.1,random,True,0.9915254809571888,0.0005999959309895834,False,False,False,-0.011023597791790962
0004032,rule_3,fall_hazard,occlude,0.2,center,False,0.0,0.163708808622473,False,False,False,0.0018536348028906913
0004032,rule_3,fall_hazard,occlude,0.2,random,True,0.9915254809571888,0.0005999959309895834,False,False,False,-0.011606364178338269
0004032,rule_3,fall_hazard,occlude,0.35,center,True,0.31475459167011005,0.09982465446470384,False,False,False,-0.030256366889391706
0004032,rule_3,fall_hazard,occlude,0.35,random,True,0.0,0.4304807025422728,False,False,False,-0.025398213815476245
0004032,rule_3,fall_hazard,occlude_targeted,,object,True,0.0,0.14959626106036975,False,False,False,-0.02636114913704135
0004171,rule_1,ppe_violation,blur,4.0,-,False,0.00027309122290249685,0.2812843784423994,False,False,False,0.00170752003555108
0004171,rule_1,ppe_violation,blur,8.0,-,False,0.00027309122290249685,0.2812843784423994,False,False,False,-0.014714897698944629
0004171,rule_1,ppe_violation,blur,16.0,-,False,0.00027309122290249685,0.2812843784423994,False,False,False,-0.18532007227518732
0004171,rule_1,ppe_violation,gamma,1.5,-,False,0.9444447584116524,0.0002999979654947917,False,False,False,0.001795322634279728
0004171,rule_1,ppe_violation,gamma,2.5,-,False,0.6363652147437778,0.0021931543366669145,False,False,False,0.0281157485275928
0004171,rule_1,ppe_violation,gamma,4.0,-,False,0.00027309122290249685,0.2812843784423994,False,False,False,-0.03230959611634421
0004171,rule_1,ppe_violation,contrast,0.15,-,False,0.5679300144311579,0.0016278576887729039,False,False,False,0.0274862627764898
0004171,rule_1,ppe_violation,contrast,0.3,-,False,0.8360700654380019,0.0008543691807569601,False,False,False,0.009937029132353392
0004171,rule_1,ppe_violation,contrast,0.5,-,False,0.8362396915417033,0.0007210978412362868,False,False,False,0.0038543714742574897
0004171,rule_1,ppe_violation,occlude,0.1,center,False,0.9444447584116524,0.0002999979654947917,False,False,False,0.0035965191200375557
0004171,rule_1,ppe_violation,occlude,0.1,random,False,1.0,0.0,False,False,False,7.835083774110352e-06
0004171,rule_1,ppe_violation,occlude,0.2,center,False,0.7953198762582243,0.0010000101725260416,False,False,False,-0.0002204423238124642
0004171,rule_1,ppe_violation,occlude,0.2,random,False,0.0,0.2978193653458428,False,False,False,-0.019716421541358775
0004171,rule_1,ppe_violation,occlude,0.35,center,False,0.5180961580068224,0.0016970303798849663,False,False,False,-0.01111027172633583
0004171,rule_1,ppe_violation,occlude,0.35,random,False,0.5396833454253599,0.001499973551481963,False,False,False,-0.004404190395559615
0004171,rule_1,ppe_violation,occlude_targeted,,object,False,0.5375485058874749,2.0345052083333333e-08,False,False,False,-0.01852577312716419
0004196,rule_4,struck_by_risk,blur,4.0,-,False,0.8949780266635887,0.01205984892339132,False,False,False,0.03290312104518445
0004196,rule_4,struck_by_risk,blur,8.0,-,False,0.7244934190042513,0.06082763099290262,False,False,False,0.13271828539787778
0004196,rule_4,struck_by_risk,blur,16.0,-,True,0.20891483040813805,0.03289073634367185,False,False,False,0.01792966053669276
0004196,rule_4,struck_by_risk,gamma,1.5,-,False,0.9931033787253036,0.0008000081380208333,False,False,False,0.022697204162204
0004196,rule_4,struck_by_risk,gamma,2.5,-,False,0.9135339426182723,0.009642103088950558,False,False,False,0.044596578157137357
0004196,rule_4,struck_by_risk,gamma,4.0,-,False,0.9097300713308878,0.00976729891903973,False,False,False,0.08277376368641853
0004196,rule_4,struck_by_risk,contrast,0.15,-,False,0.9201282920277581,0.008845913068736631,False,False,False,0.036558276249302746
0004196,rule_4,struck_by_risk,contrast,0.3,-,False,0.9896550680879556,0.00120001220703125,False,False,False,0.011948612710786177
0004196,rule_4,struck_by_risk,contrast,0.5,-,False,0.996539757371187,0.00040000406901041666,False,False,False,0.017836047661682897
0004196,rule_4,struck_by_risk,occlude,0.1,center,False,0.8134921862068766,0.03614194077263748,False,False,False,0.02076134227571025
0004196,rule_4,struck_by_risk,occlude,0.1,random,False,1.0,0.0,False,False,False,0.010621956653065201
0004196,rule_4,struck_by_risk,occlude,0.2,center,True,0.20971396933456515,0.12119144287061799,False,False,False,-0.0019392821760404466
0004196,rule_4,struck_by_risk,occlude,0.2,random,False,0.990334240984457,0.0006000111897786458,False,False,False,0.00407041526503038
0004196,rule_4,struck_by_risk,occlude,0.35,center,True,0.0,0.32153363910454946,False,False,False,0.01194685945908236
0004196,rule_4,struck_by_risk,occlude,0.35,random,False,0.5402777871967833,0.0992999979654948,False,False,False,0.021801844919248303
0004196,rule_4,struck_by_risk,occlude_targeted,,object,True,0.0,0.3678682410785002,False,False,False,0.012778879808527988
0004273,rule_1,ppe_violation,blur,4.0,-,True,0.0,0.6616572200528565,False,False,False,0.020005740607822675
0004273,rule_1,ppe_violation,blur,8.0,-,False,0.00040963721735393283,0.2705399192382737,False,False,False,0.07540226437240138
0004273,rule_1,ppe_violation,blur,16.0,-,False,0.00040963721735393283,0.2705399192382737,False,False,False,0.07319854508311341
0004273,rule_1,ppe_violation,gamma,1.5,-,False,0.9066666842483373,0.0005000020345217652,False,False,False,0.005513155034610251
0004273,rule_1,ppe_violation,gamma,2.5,-,True,0.8589477257269442,0.0007211091265744367,False,False,False,0.04627605035368898
0004273,rule_1,ppe_violation,gamma,4.0,-,False,0.0,0.31540830595101743,False,False,False,0.06836716883948879
0004273,rule_1,ppe_violation,contrast,0.15,-,True,0.861233819808866,0.0007211091265744367,False,False,False,0.02712684058185144
0004273,rule_1,ppe_violation,contrast,0.3,-,False,0.958332891817259,0.00040000406901041666,False,False,False,0.013178783335856092
0004273,rule_1,ppe_violation,contrast,0.5,-,False,1.0,0.0,False,False,False,0.0037097586318850517
0004273,rule_1,ppe_violation,occlude,0.1,center,False,1.0,0.0,False,False,False,-0.0023732407550726142
0004273,rule_1,ppe_violation,occlude,0.1,random,False,1.0,0.0,False,False,False,-0.005506187145199015
0004273,rule_1,ppe_violation,occlude,0.2,center,False,0.9166657836345179,0.0,False,False,False,0.0021430401663695697
0004273,rule_1,ppe_violation,occlude,0.2,random,False,0.0,0.43084607110438417,False,False,False,0.0202089793580984
0004273,rule_1,ppe_violation,occlude,0.35,center,False,0.6044444561655582,0.0012649142809066272,False,False,False,0.0088556221287166
0004273,rule_1,ppe_violation,occlude,0.35,random,False,0.8627446971598414,0.0002999979654947917,False,False,False,-0.0015005724770681406
0004273,rule_1,ppe_violation,occlude_targeted,,object,False,0.526451847050932,0.00040002441419184246,False,False,False,0.03385589418134527
0004332,rule_1,ppe_violation,blur,4.0,-,False,0.8629372856256443,0.0021931718461133775,False,False,False,0.002752965183130285
0004332,rule_1,ppe_violation,blur,8.0,-,False,0.805871176191268,0.003889731780731701,False,False,False,0.07178913389465646
0004332,rule_1,ppe_violation,blur,16.0,-,False,0.7642568458103373,0.004176123188175444,False,False,False,0.1170767197603142
0004332,rule_1,ppe_violation,gamma,1.5,-,False,0.9909910515368305,0.0002999979654947917,False,False,False,-0.020070506525891152
0004332,rule_1,ppe_violation,gamma,2.5,-,False,1.0,0.0,False,False,False,-0.03211821668914383
0004332,rule_1,ppe_violation,gamma,4.0,-,False,0.9910714880409226,0.0002999979654947917,False,False,False,-0.02353063052786253
0004332,rule_1,ppe_violation,contrast,0.15,-,False,0.9910714880409226,0.0002999979654947917,False,False,False,-0.0017366821744612126
0004332,rule_1,ppe_violation,contrast,0.3,-,False,0.9909910515368305,0.0002999979654947917,False,False,False,-0.008097286469170073
0004332,rule_1,ppe_violation,contrast,0.5,-,False,0.9909910515368305,0.0002999979654947917,False,False,False,-0.003994651937058946
0004332,rule_1,ppe_violation,occlude,0.1,center,False,1.0,0.0,False,False,False,-0.007391418729509547
0004332,rule_1,ppe_violation,occlude,0.1,random,False,1.0,0.0,False,False,False,0.00419938404645237
0004332,rule_1,ppe_violation,occlude,0.2,center,False,1.0,0.0,False,False,False,-0.024106052305017167
0004332,rule_1,ppe_violation,occlude,0.2,random,False,1.0,0.0,False,False,False,-0.01767688829983982
0004332,rule_1,ppe_violation,occlude,0.35,center,False,1.0,0.0,False,False,False,-0.024788891098329047
0004332,rule_1,ppe_violation,occlude,0.35,random,False,0.9694477555950546,0.0008544001364134701,False,False,False,-0.056246745799268916
0004332,rule_1,ppe_violation,occlude_targeted,,object,True,0.0,0.1216332629483414,False,False,False,0.050148528601442144
0004380,rule_1,ppe_violation,blur,4.0,-,True,0.0,0.1820633059846715,False,False,False,0.006191724445670843
0004380,rule_1,ppe_violation,blur,8.0,-,True,0.0007158613575202583,0.16223541871537392,False,False,False,0.02358345996419131
0004380,rule_1,ppe_violation,blur,16.0,-,True,0.0007158613575202583,0.16223541871537392,False,False,False,-0.12679233444346627
0004380,rule_1,ppe_violation,gamma,1.5,-,False,0.9687501986822334,0.0002999979654947917,False,False,False,-0.00040867818253387256
0004380,rule_1,ppe_violation,gamma,2.5,-,False,0.639550321773281,0.0017000038296720278,False,False,False,0.02030109339171937
0004380,rule_1,ppe_violation,gamma,4.0,-,True,0.9687501986822334,0.0002999979654947917,False,False,False,-0.004946427419781685
0004380,rule_1,ppe_violation,contrast,0.15,-,False,0.7952305210978305,0.0014422267171690449,False,False,False,0.0380026622719708
0004380,rule_1,ppe_violation,contrast,0.3,-,False,0.9687501986822334,0.0002999979654947917,False,False,False,0.024596867550696677
0004380,rule_1,ppe_violation,contrast,0.5,-,False,0.9687501986822334,0.0002999979654947917,False,False,False,-0.002421959835503751
0004380,rule_1,ppe_violation,occlude,0.1,center,True,0.5806442040068972,0.0021633358437398017,False,False,False,-0.020380416707623583
0004380,rule_1,ppe_violation,occlude,0.1,random,True,0.0,0.18441562168152223,False,False,False,-0.06656067565615686
0004380,rule_1,ppe_violation,occlude,0.2,center,True,0.0,0.04320415827200282,False,False,False,-0.024076536918679947
0004380,rule_1,ppe_violation,occlude,0.2,random,True,0.0,0.18441976985029937,False,False,False,-0.05948368513158386
0004380,rule_1,ppe_violation,occlude,0.35,center,True,0.0,0.04682402009035559,False,False,False,-0.06572749612054651
0004380,rule_1,ppe_violation,occlude,0.35,random,True,0.9677421471910149,0.0002999979654947917,False,False,False,-0.024537063248100788
0004380,rule_1,ppe_violation,occlude_targeted,,object,False,0.0,0.044004070320290085,False,False,False,-0.013455630612692726
0004497,rule_1,ppe_violation,blur,4.0,-,False,0.393872960798327,0.00818352391305393,False,False,False,-0.04506412903512169
0004497,rule_1,ppe_violation,blur,8.0,-,False,0.0007871439567083704,0.39120759005141487,False,False,False,0.05331256374257143
0004497,rule_1,ppe_violation,blur,16.0,-,False,0.0007871439567083704,0.39120759005141487,False,False,False,-0.03027404654666266
0004497,rule_1,ppe_violation,gamma,1.5,-,False,0.8290819128770593,0.0007211071868786611,False,False,False,0.003929967925484723
0004497,rule_1,ppe_violation,gamma,2.5,-,False,0.7295920775335356,0.001708799975175642,False,False,False,0.0055793269005204316
0004497,rule_1,ppe_violation,gamma,4.0,-,True,0.0,0.7228453915534092,False,False,False,0.002059127802827465
0004497,rule_1,ppe_violation,contrast,0.15,-,False,0.464601207531078,0.006428065837879891,False,False,False,0.007705317943223822
0004497,rule_1,ppe_violation,contrast,0.3,-,False,0.8290818865212565,0.0013416396491827923,False,False,False,-0.0007936267980508394
0004497,rule_1,ppe_violation,contrast,0.5,-,False,1.0,0.0,False,False,False,-0.002750818817211065
0004497,rule_1,ppe_violation,occlude,0.1,center,False,0.862245208895436,0.0005999959309896676,False,False,False,0.001978660135396826
0004497,rule_1,ppe_violation,occlude,0.1,random,False,0.8954084785580095,0.0007211070105432635,False,False,False,0.0010058498675269423
0004497,rule_1,ppe_violation,occlude,0.2,center,False,0.8290832291488022,0.00030000813802100174,False,False,False,0.005113194430512946
0004497,rule_1,ppe_violation,occlude,0.2,random,False,0.8448268095668003,0.0008544042663495702,False,False,False,0.002680838241108763
0004497,rule_1,ppe_violation,occlude,0.35,center,False,0.862245208895436,0.0005999959309896676,False,False,False,0.002852695794509974
0004497,rule_1,ppe_violation,occlude,0.35,random,False,0.8666670600198241,0.0009999966939324338,False,False,False,0.006340208064232522
0004497,rule_1,ppe_violation,occlude_targeted,,object,False,0.09081076189216084,0.01155205060830113,False,False,False,-0.0014909246404256615
0004552,rule_3,fall_hazard,blur,4.0,-,False,0.2628131599386607,0.17897543565012328,False,False,False,0.08142468116943652
0004552,rule_3,fall_hazard,blur,8.0,-,False,0.09912410463236242,0.07415830518558236,False,False,False,0.015838001766020404
0004552,rule_3,fall_hazard,blur,16.0,-,False,0.09912410463236242,0.07415830518558236,False,False,False,-0.2438032282556677
0004552,rule_3,fall_hazard,gamma,1.5,-,False,0.9936602763811472,0.0004999823716695927,False,False,False,-0.0024689027950876574
0004552,rule_3,fall_hazard,gamma,2.5,-,False,0.545408890853636,0.05927169193832987,False,False,False,-0.015535393108924156
0004552,rule_3,fall_hazard,gamma,4.0,-,False,0.538875805694683,0.06144802444544863,False,False,False,0.014807708916210027
0004552,rule_3,fall_hazard,contrast,0.15,-,False,0.5439468530195131,0.058831859516368254,False,False,False,-0.004350730927572322
0004552,rule_3,fall_hazard,contrast,0.3,-,False,0.5448504845847806,0.05883134875590707,False,False,False,-0.009952292622377401
0004552,rule_3,fall_hazard,contrast,0.5,-,False,0.9966777074609978,0.000435792201624699,False,False,False,-0.0014517318368666987
0004552,rule_3,fall_hazard,occlude,0.1,center,False,0.9381497301389118,0.007444787275195641,False,False,False,-0.0261812380160249
0004552,rule_3,fall_hazard,occlude,0.1,random,False,1.0,0.0,False,False,False,0.0036363529396199468
0004552,rule_3,fall_hazard,occlude,0.2,center,True,0.043883112018839994,0.28510583239278264,False,False,False,-0.08410860200057779
0004552,rule_3,fall_hazard,occlude,0.2,random,False,0.5431893850534961,0.05970343637224023,False,False,False,-0.03558719920970144
0004552,rule_3,fall_hazard,occlude,0.35,center,True,0.0,0.3717991546307625,False,False,False,-0.12450586915725748
0004552,rule_3,fall_hazard,occlude,0.35,random,False,0.5431893850534961,0.05970343637224023,False,False,False,-0.02663704344914075
0004552,rule_3,fall_hazard,occlude_targeted,,object,False,0.0,0.30126937745279647,False,False,False,-0.03756407195968281
0004680,rule_1,ppe_violation,blur,4.0,-,False,0.0002088340539918179,0.2674078065958993,False,False,False,0.0714718075990628
0004680,rule_1,ppe_violation,blur,8.0,-,False,0.0002088340539918179,0.2674078065958993,False,False,False,0.08087633909566794
0004680,rule_1,ppe_violation,blur,16.0,-,False,0.0002088340539918179,0.2674078065958993,False,False,False,0.07280848858533218
0004680,rule_1,ppe_violation,gamma,1.5,-,False,0.7647056073601276,0.0012493905584743327,False,False,False,0.0059482086057397465
0004680,rule_1,ppe_violation,gamma,2.5,-,False,0.7647056073601276,0.0012493905584743327,False,False,False,0.04721263367340067
0004680,rule_1,ppe_violation,gamma,4.0,-,False,0.8253961018844792,0.0008410234868129439,False,False,False,0.05267831297391978
0004680,rule_1,ppe_violation,contrast,0.15,-,False,0.20820762802035941,0.006355814272121716,False,False,False,0.09822534291386054
0004680,rule_1,ppe_violation,contrast,0.3,-,False,0.37818086678526813,0.002617950579283066,False,False,False,0.1038080344167509
0004680,rule_1,ppe_violation,contrast,0.5,-,False,0.7197228124203463,0.001308975289641533,False,False,False,0.016113695591987165
0004680,rule_1,ppe_violation,occlude,0.1,center,False,0.21634596868361525,0.0031477799309977926,False,False,False,0.013621640167382876
0004680,rule_1,ppe_violation,occlude,0.1,random,True,,,True,False,False,-0.007952183192685758
0004680,rule_1,ppe_violation,occlude,0.2,center,False,0.865383874734461,0.0005000018815054703,False,False,False,0.0016994101764714609
0004680,rule_1,ppe_violation,occlude,0.2,random,True,,,True,False,False,-0.026999196066573083
0004680,rule_1,ppe_violation,occlude,0.35,center,False,0.865383874734461,0.0005000018815054703,False,False,False,0.006866708372947006
0004680,rule_1,ppe_violation,occlude,0.35,random,False,0.9411763239254014,0.0003904350666722068,False,False,False,0.0031227262326233296
0004680,rule_1,ppe_violation,occlude_targeted,,object,False,0.4521734563373741,0.0005000018815054703,False,False,False,0.015399881900229007
0004716,rule_1,ppe_violation,blur,4.0,-,False,0.00016064176456881708,0.21645323681269146,False,False,False,0.029938036664610812
0004716,rule_1,ppe_violation,blur,8.0,-,False,0.0,0.24580342643948738,False,False,False,0.07674806731353911
0004716,rule_1,ppe_violation,blur,16.0,-,False,0.00016064176456881708,0.21645323681269146,False,False,False,0.08543163350303518
0004716,rule_1,ppe_violation,gamma,1.5,-,False,1.0,0.0,False,False,False,0.0022818674998623667
0004716,rule_1,ppe_violation,gamma,2.5,-,False,0.7407406622488278,0.0005547023123394499,False,False,False,0.018865513615310192
0004716,rule_1,ppe_violation,gamma,4.0,-,False,0.0,0.5909742455104714,False,False,False,0.019128243838037795
0004716,rule_1,ppe_violation,contrast,0.15,-,False,0.8080796326520899,0.0006933794773114088,False,False,False,0.030533463694155216
0004716,rule_1,ppe_violation,contrast,0.3,-,False,1.0,0.0,False,False,False,0.007892889369811362
0004716,rule_1,ppe_violation,contrast,0.5,-,False,0.9000015258789062,0.0004160187991289565,False,False,False,0.0026782938678349133
0004716,rule_1,ppe_violation,occlude,0.1,center,False,1.0,0.0,False,False,False,0.004385750075536099
0004716,rule_1,ppe_violation,occlude,0.1,random,False,1.0,0.0,False,False,False,-7.479983781033539e-06
0004716,rule_1,ppe_violation,occlude,0.2,center,False,1.0,0.0,False,False,False,0.0021945404421006565
0004716,rule_1,ppe_violation,occlude,0.2,random,False,0.9411772625683281,0.00027734586608597103,False,False,False,-0.0008310369615043278
0004716,rule_1,ppe_violation,occlude,0.35,center,False,0.7500011920940324,0.0002773458662877728,False,False,False,0.0019876785310251055
0004716,rule_1,ppe_violation,occlude,0.35,random,True,0.0,0.5901460142331172,False,False,False,0.013633369468152523
0004716,rule_1,ppe_violation,occlude_targeted,,object,False,0.4968944619365774,0.0008770479822319786,False,False,False,0.013253820927015436
0004831,rule_2,fall_hazard,blur,4.0,-,True,0.0009682696096716571,0.1509956417623838,False,False,False,-0.08749015589377712
0004831,rule_2,fall_hazard,blur,8.0,-,False,0.0032620339584571428,0.11981790631058821,False,False,False,-0.2414498451564993
0004831,rule_2,fall_hazard,blur,16.0,-,False,0.0032620339584571428,0.11981790631058821,False,False,False,-0.22112584185234202
0004831,rule_2,fall_hazard,gamma,1.5,-,False,1.0,0.0,False,False,False,-0.01760685683361124
0004831,rule_2,fall_hazard,gamma,2.5,-,False,0.9827593061161493,0.00029998779296875,False,False,False,-0.00018872074516756987
0004831,rule_2,fall_hazard,gamma,4.0,-,True,0.0,0.31064326439507756,False,False,False,-0.012570334731468125
0004831,rule_2,fall_hazard,contrast,0.15,-,False,0.9494448117657646,0.0007211091265744367,False,False,False,-0.012158962764910297
0004831,rule_2,fall_hazard,contrast,0.3,-,False,0.9655186122322986,0.0005999755859375,False,False,False,-0.03187698325408356
0004831,rule_2,fall_hazard,contrast,0.5,-,False,0.9827593061161493,0.00029998779296875,False,False,False,-0.025503920723817186
0004831,rule_2,fall_hazard,occlude,0.1,center,False,0.0,0.2554888889496163,False,False,False,-0.017568771660860072
0004831,rule_2,fall_hazard,occlude,0.1,random,False,1.0,0.0,False,False,False,-0.0007680345858846471
0004831,rule_2,fall_hazard,occlude,0.2,center,False,0.00543490802217404,0.10323566369704062,False,False,False,-0.013236044240849287
0004831,rule_2,fall_hazard,occlude,0.2,random,False,1.0,0.0,False,False,False,0.015205650856452313
0004831,rule_2,fall_hazard,occlude,0.35,center,False,0.0,0.26756952916165805,False,False,False,0.01994348749784486
0004831,rule_2,fall_hazard,occlude,0.35,random,True,0.0,0.3088771951217187,False,False,False,-0.02700993724699524
0004831,rule_2,fall_hazard,occlude_targeted,,object,True,0.0,0.1258062069573062,False,False,False,-0.031298724003136214
